Dataset,number_bands,beta,rep,accuracy
indianpines,2,1.0,0,0.509159891598916
indianpines,2,3.0,0,0.4883468834688347
indianpines,2,5.0,0,0.49040650406504066
indianpines,2,10.0,0,0.4991869918699187
indianpines,2,1.0,1,0.49398373983739835
indianpines,2,3.0,1,0.5018970189701897
indianpines,2,5.0,1,0.4961517615176152
indianpines,2,10.0,1,0.49116531165311655
indianpines,2,1.0,2,0.5066666666666667
indianpines,2,3.0,2,0.5062330623306233
indianpines,2,5.0,2,0.47523035230352306
indianpines,2,10.0,2,0.5270460704607046
indianpines,2,1.0,3,0.5239024390243903
indianpines,2,3.0,3,0.4669918699186992
indianpines,2,5.0,3,0.5229268292682927
indianpines,2,10.0,3,0.5076422764227643
indianpines,2,1.0,4,0.4975609756097561
indianpines,2,3.0,4,0.48856368563685637
indianpines,2,5.0,4,0.511869918699187
indianpines,2,10.0,4,0.48845528455284554
indianpines,2,1.0,5,0.5198915989159891
indianpines,2,3.0,5,0.5053658536585366
indianpines,2,5.0,5,0.5029810298102981
indianpines,2,10.0,5,0.4849864498644986
indianpines,2,1.0,6,0.501680216802168
indianpines,2,3.0,6,0.5284552845528455
indianpines,2,5.0,6,0.5038482384823848
indianpines,2,10.0,6,0.5146883468834689
indianpines,2,1.0,7,0.47479674796747967
indianpines,2,3.0,7,0.4950677506775068
indianpines,2,5.0,7,0.513929539295393
indianpines,2,10.0,7,0.5165311653116531
indianpines,2,1.0,8,0.5196747967479675
indianpines,2,3.0,8,0.48314363143631434
indianpines,2,5.0,8,0.5164227642276423
indianpines,2,10.0,8,0.4807588075880759
indianpines,2,1.0,9,0.4785907859078591
indianpines,2,3.0,9,0.5061246612466125
indianpines,2,5.0,9,0.5052574525745257
indianpines,2,10.0,9,0.5033062330623306
indianpines,4,1.0,0,0.5879674796747968
indianpines,4,3.0,0,0.6134417344173442
indianpines,4,5.0,0,0.6110569105691057
indianpines,4,10.0,0,0.5941463414634146
indianpines,4,1.0,1,0.595989159891599
indianpines,4,3.0,1,0.5946883468834688
indianpines,4,5.0,1,0.6146341463414634
indianpines,4,10.0,1,0.5787533875338753
indianpines,4,1.0,2,0.5872086720867209
indianpines,4,3.0,2,0.6091056910569106
indianpines,4,5.0,2,0.5967479674796748
indianpines,4,10.0,2,0.5878590785907859
indianpines,4,1.0,3,0.5944715447154472
indianpines,4,3.0,3,0.6035772357723578
indianpines,4,5.0,3,0.6104065040650406
indianpines,4,10.0,3,0.5946883468834688
indianpines,4,1.0,4,0.6080216802168021
indianpines,4,3.0,4,0.6115989159891599
indianpines,4,5.0,4,0.5805962059620596
indianpines,4,10.0,4,0.596639566395664
indianpines,4,1.0,5,0.5897018970189702
indianpines,4,3.0,5,0.6036856368563686
indianpines,4,5.0,5,0.6100813008130082
indianpines,4,10.0,5,0.5774525745257453
indianpines,4,1.0,6,0.6024932249322493
indianpines,4,3.0,6,0.5952303523035231
indianpines,4,5.0,6,0.5863414634146341
indianpines,4,10.0,6,0.5970731707317073
indianpines,4,1.0,7,0.6030352303523036
indianpines,4,3.0,7,0.586449864498645
indianpines,4,5.0,7,0.5859078590785908
indianpines,4,10.0,7,0.5831978319783198
indianpines,4,1.0,8,0.6014092140921409
indianpines,4,3.0,8,0.6050948509485095
indianpines,4,5.0,8,0.5975067750677506
indianpines,4,10.0,8,0.5867750677506776
indianpines,4,1.0,9,0.6044444444444445
indianpines,4,3.0,9,0.6138753387533875
indianpines,4,5.0,9,0.5945799457994579
indianpines,4,10.0,9,0.596639566395664
indianpines,6,1.0,0,0.6609214092140921
indianpines,6,3.0,0,0.672520325203252
indianpines,6,5.0,0,0.6706775067750678
indianpines,6,10.0,0,0.6977777777777778
indianpines,6,1.0,1,0.612249322493225
indianpines,6,3.0,1,0.6487804878048781
indianpines,6,5.0,1,0.6755555555555556
indianpines,6,10.0,1,0.6978861788617886
indianpines,6,1.0,2,0.5968563685636856
indianpines,6,3.0,2,0.6738211382113821
indianpines,6,5.0,2,0.6724119241192412
indianpines,6,10.0,2,0.6789159891598916
indianpines,6,1.0,3,0.5960975609756097
indianpines,6,3.0,3,0.6974525745257453
indianpines,6,5.0,3,0.665149051490515
indianpines,6,10.0,3,0.6871544715447154
indianpines,6,1.0,4,0.6793495934959349
indianpines,6,3.0,4,0.658319783197832
indianpines,6,5.0,4,0.6574525745257452
indianpines,6,10.0,4,0.6857452574525745
indianpines,6,1.0,5,0.658970189701897
indianpines,6,3.0,5,0.6611382113821138
indianpines,6,5.0,5,0.6674254742547425
indianpines,6,10.0,5,0.6894308943089431
indianpines,6,1.0,6,0.6677506775067751
indianpines,6,3.0,6,0.6797831978319783
indianpines,6,5.0,6,0.6733875338753388
indianpines,6,10.0,6,0.6834688346883468
indianpines,6,1.0,7,0.6155013550135502
indianpines,6,3.0,7,0.6565853658536586
indianpines,6,5.0,7,0.6762059620596206
indianpines,6,10.0,7,0.6834688346883468
indianpines,6,1.0,8,0.6553929539295393
indianpines,6,3.0,8,0.6754471544715447
indianpines,6,5.0,8,0.6674254742547425
indianpines,6,10.0,8,0.6976693766937669
indianpines,6,1.0,9,0.5787533875338753
indianpines,6,3.0,9,0.6610298102981029
indianpines,6,5.0,9,0.6626558265582656
indianpines,6,10.0,9,0.6911653116531166
indianpines,8,1.0,0,0.7311653116531165
indianpines,8,3.0,0,0.7113279132791328
indianpines,8,5.0,0,0.7176151761517615
indianpines,8,10.0,0,0.6925745257452575
indianpines,8,1.0,1,0.7259620596205962
indianpines,8,3.0,1,0.7351761517615176
indianpines,8,5.0,1,0.7116531165311654
indianpines,8,10.0,1,0.6989701897018971
indianpines,8,1.0,2,0.734959349593496
indianpines,8,3.0,2,0.7358265582655826
indianpines,8,5.0,2,0.7154471544715447
indianpines,8,10.0,2,0.6966937669376694
indianpines,8,1.0,3,0.7378861788617886
indianpines,8,3.0,3,0.7270460704607046
indianpines,8,5.0,3,0.7258536585365853
indianpines,8,10.0,3,0.6944173441734417
indianpines,8,1.0,4,0.7436314363143631
indianpines,8,3.0,4,0.7273712737127371
indianpines,8,5.0,4,0.716639566395664
indianpines,8,10.0,4,0.6994037940379404
indianpines,8,1.0,5,0.7305149051490515
indianpines,8,3.0,5,0.7400542005420054
indianpines,8,5.0,5,0.7235772357723578
indianpines,8,10.0,5,0.7047154471544715
indianpines,8,1.0,6,0.7014634146341463
indianpines,8,3.0,6,0.7266124661246612
indianpines,8,5.0,6,0.7142547425474255
indianpines,8,10.0,6,0.7106775067750678
indianpines,8,1.0,7,0.7418970189701897
indianpines,8,3.0,7,0.7268292682926829
indianpines,8,5.0,7,0.7157723577235773
indianpines,8,10.0,7,0.6991869918699187
indianpines,8,1.0,8,0.7447154471544716
indianpines,8,3.0,8,0.7309485094850948
indianpines,8,5.0,8,0.73289972899729
indianpines,8,10.0,8,0.6801084010840108
indianpines,8,1.0,9,0.7284552845528456
indianpines,8,3.0,9,0.7195663956639566
indianpines,8,5.0,9,0.7060162601626017
indianpines,8,10.0,9,0.6951761517615176
indianpines,10,1.0,0,0.7517615176151762
indianpines,10,3.0,0,0.7116531165311654
indianpines,10,5.0,0,0.711869918699187
indianpines,10,10.0,0,0.6665582655826559
indianpines,10,1.0,1,0.746449864498645
indianpines,10,3.0,1,0.7479674796747967
indianpines,10,5.0,1,0.7067750677506776
indianpines,10,10.0,1,0.6899728997289973
indianpines,10,1.0,2,0.7655284552845528
indianpines,10,3.0,2,0.749810298102981
indianpines,10,5.0,2,0.722059620596206
indianpines,10,10.0,2,0.6900813008130081
indianpines,10,1.0,3,0.7687804878048781
indianpines,10,3.0,3,0.7422222222222222
indianpines,10,5.0,3,0.728780487804878
indianpines,10,10.0,3,0.684119241192412
indianpines,10,1.0,4,0.7163143631436314
indianpines,10,3.0,4,0.7229268292682927
indianpines,10,5.0,4,0.671869918699187
indianpines,10,10.0,4,0.6777235772357724
indianpines,10,1.0,5,0.7305149051490515
indianpines,10,3.0,5,0.7391869918699187
indianpines,10,5.0,5,0.7237940379403794
indianpines,10,10.0,5,0.7052574525745258
indianpines,10,1.0,6,0.724769647696477
indianpines,10,3.0,6,0.7250948509485095
indianpines,10,5.0,6,0.7068834688346883
indianpines,10,10.0,6,0.7004878048780487
indianpines,10,1.0,7,0.7766937669376693
indianpines,10,3.0,7,0.7485094850948509
indianpines,10,5.0,7,0.7248780487804878
indianpines,10,10.0,7,0.6988617886178862
indianpines,10,1.0,8,0.7757181571815718
indianpines,10,3.0,8,0.6992953929539295
indianpines,10,5.0,8,0.7262872628726287
indianpines,10,10.0,8,0.6780487804878049
indianpines,10,1.0,9,0.7215176151761518
indianpines,10,3.0,9,0.7424390243902439
indianpines,10,5.0,9,0.7076422764227642
indianpines,10,10.0,9,0.6740379403794038
indianpines,12,1.0,0,0.7710569105691056
indianpines,12,3.0,0,0.7632520325203253
indianpines,12,5.0,0,0.7221680216802168
indianpines,12,10.0,0,0.691490514905149
indianpines,12,1.0,1,0.764010840108401
indianpines,12,3.0,1,0.7204336043360433
indianpines,12,5.0,1,0.7192411924119241
indianpines,12,10.0,1,0.6970189701897019
indianpines,12,1.0,2,0.7615176151761518
indianpines,12,3.0,2,0.7624932249322494
indianpines,12,5.0,2,0.7128455284552846
indianpines,12,10.0,2,0.7041734417344173
indianpines,12,1.0,3,0.7705149051490515
indianpines,12,3.0,3,0.754579945799458
indianpines,12,5.0,3,0.7127371273712737
indianpines,12,10.0,3,0.7025474254742547
indianpines,12,1.0,4,0.7784281842818428
indianpines,12,3.0,4,0.7647696476964769
indianpines,12,5.0,4,0.710460704607046
indianpines,12,10.0,4,0.7033062330623306
indianpines,12,1.0,5,0.7726829268292683
indianpines,12,3.0,5,0.744390243902439
indianpines,12,5.0,5,0.712520325203252
indianpines,12,10.0,5,0.6979945799457995
indianpines,12,1.0,6,0.7448238482384824
indianpines,12,3.0,6,0.7551219512195122
indianpines,12,5.0,6,0.7107859078590786
indianpines,12,10.0,6,0.7042818428184282
indianpines,12,1.0,7,0.7746341463414634
indianpines,12,3.0,7,0.750569105691057
indianpines,12,5.0,7,0.722059620596206
indianpines,12,10.0,7,0.6907317073170731
indianpines,12,1.0,8,0.7644444444444445
indianpines,12,3.0,8,0.7570731707317073
indianpines,12,5.0,8,0.7258536585365853
indianpines,12,10.0,8,0.7173983739837398
indianpines,12,1.0,9,0.764010840108401
indianpines,12,3.0,9,0.7538211382113821
indianpines,12,5.0,9,0.7123035230352304
indianpines,12,10.0,9,0.6873712737127371
indianpines,14,1.0,0,0.7876422764227642
indianpines,14,3.0,0,0.7490514905149052
indianpines,14,5.0,0,0.7234688346883469
indianpines,14,10.0,0,0.7119783197831978
indianpines,14,1.0,1,0.7826558265582656
indianpines,14,3.0,1,0.7551219512195122
indianpines,14,5.0,1,0.7028726287262873
indianpines,14,10.0,1,0.7094850948509485
indianpines,14,1.0,2,0.7814634146341464
indianpines,14,3.0,2,0.7656368563685637
indianpines,14,5.0,2,0.6984281842818428
indianpines,14,10.0,2,0.7079674796747968
indianpines,14,1.0,3,0.7739837398373983
indianpines,14,3.0,3,0.7712737127371274
indianpines,14,5.0,3,0.7182655826558265
indianpines,14,10.0,3,0.6963685636856368
indianpines,14,1.0,4,0.7809214092140921
indianpines,14,3.0,4,0.744390243902439
indianpines,14,5.0,4,0.7112195121951219
indianpines,14,10.0,4,0.713170731707317
indianpines,14,1.0,5,0.7757181571815718
indianpines,14,3.0,5,0.7487262872628726
indianpines,14,5.0,5,0.71869918699187
indianpines,14,10.0,5,0.7301897018970189
indianpines,14,1.0,6,0.7605420054200542
indianpines,14,3.0,6,0.7646612466124662
indianpines,14,5.0,6,0.6836856368563685
indianpines,14,10.0,6,0.7240108401084011
indianpines,14,1.0,7,0.7707317073170732
indianpines,14,3.0,7,0.8009756097560976
indianpines,14,5.0,7,0.7049322493224932
indianpines,14,10.0,7,0.7074254742547426
indianpines,14,1.0,8,0.7824390243902439
indianpines,14,3.0,8,0.7438482384823848
indianpines,14,5.0,8,0.7137127371273713
indianpines,14,10.0,8,0.7128455284552846
indianpines,14,1.0,9,0.7564227642276423
indianpines,14,3.0,9,0.7529539295392954
indianpines,14,5.0,9,0.7177235772357724
indianpines,14,10.0,9,0.7163143631436314
indianpines,16,1.0,0,0.7608672086720867
indianpines,16,3.0,0,0.7610840108401083
indianpines,16,5.0,0,0.7488346883468835
indianpines,16,10.0,0,0.712520325203252
indianpines,16,1.0,1,0.7889430894308943
indianpines,16,3.0,1,0.7592411924119241
indianpines,16,5.0,1,0.7585907859078591
indianpines,16,10.0,1,0.7280216802168021
indianpines,16,1.0,2,0.7659620596205962
indianpines,16,3.0,2,0.738319783197832
indianpines,16,5.0,2,0.7401626016260162
indianpines,16,10.0,2,0.7140379403794038
indianpines,16,1.0,3,0.7781029810298103
indianpines,16,3.0,3,0.7448238482384824
indianpines,16,5.0,3,0.7849322493224932
indianpines,16,10.0,3,0.7312737127371274
indianpines,16,1.0,4,0.7943631436314363
indianpines,16,3.0,4,0.7718157181571815
indianpines,16,5.0,4,0.7632520325203253
indianpines,16,10.0,4,0.7076422764227642
indianpines,16,1.0,5,0.772249322493225
indianpines,16,3.0,5,0.7594579945799458
indianpines,16,5.0,5,0.7469918699186991
indianpines,16,10.0,5,0.7217344173441734
indianpines,16,1.0,6,0.7905691056910569
indianpines,16,3.0,6,0.7580487804878049
indianpines,16,5.0,6,0.753929539295393
indianpines,16,10.0,6,0.7120867208672087
indianpines,16,1.0,7,0.7844986449864498
indianpines,16,3.0,7,0.7480758807588076
indianpines,16,5.0,7,0.7490514905149052
indianpines,16,10.0,7,0.7140379403794038
indianpines,16,1.0,8,0.7800542005420055
indianpines,16,3.0,8,0.759349593495935
indianpines,16,5.0,8,0.746449864498645
indianpines,16,10.0,8,0.7120867208672087
indianpines,16,1.0,9,0.7643360433604336
indianpines,16,3.0,9,0.766070460704607
indianpines,16,5.0,9,0.7463414634146341
indianpines,16,10.0,9,0.7080758807588076
indianpines,18,1.0,0,0.7680216802168022
indianpines,18,3.0,0,0.7551219512195122
indianpines,18,5.0,0,0.7523035230352304
indianpines,18,10.0,0,0.7502439024390244
indianpines,18,1.0,1,0.7826558265582656
indianpines,18,3.0,1,0.7679132791327913
indianpines,18,5.0,1,0.7519783197831978
indianpines,18,10.0,1,0.7466666666666667
indianpines,18,1.0,2,0.7786449864498645
indianpines,18,3.0,2,0.7763685636856369
indianpines,18,5.0,2,0.7455826558265582
indianpines,18,10.0,2,0.7492682926829268
indianpines,18,1.0,3,0.7603252032520326
indianpines,18,3.0,3,0.7492682926829268
indianpines,18,5.0,3,0.7597831978319783
indianpines,18,10.0,3,0.7428726287262872
indianpines,18,1.0,4,0.7713821138211382
indianpines,18,3.0,4,0.7577235772357723
indianpines,18,5.0,4,0.7054742547425474
indianpines,18,10.0,4,0.7607588075880759
indianpines,18,1.0,5,0.7578319783197832
indianpines,18,3.0,5,0.747750677506775
indianpines,18,5.0,5,0.7455826558265582
indianpines,18,10.0,5,0.7459078590785908
indianpines,18,1.0,6,0.7665040650406504
indianpines,18,3.0,6,0.7592411924119241
indianpines,18,5.0,6,0.7550135501355013
indianpines,18,10.0,6,0.7602168021680217
indianpines,18,1.0,7,0.76
indianpines,18,3.0,7,0.7426558265582656
indianpines,18,5.0,7,0.7430894308943089
indianpines,18,10.0,7,0.749810298102981
indianpines,18,1.0,8,0.7614092140921409
indianpines,18,3.0,8,0.7582655826558266
indianpines,18,5.0,8,0.7478590785907859
indianpines,18,10.0,8,0.7578319783197832
indianpines,18,1.0,9,0.7723577235772358
indianpines,18,3.0,9,0.7475338753387534
indianpines,18,5.0,9,0.7431978319783198
indianpines,18,10.0,9,0.7501355013550135
indianpines,20,1.0,0,0.7803794037940379
indianpines,20,3.0,0,0.7705149051490515
indianpines,20,5.0,0,0.7658536585365854
indianpines,20,10.0,0,0.7719241192411924
indianpines,20,1.0,1,0.77289972899729
indianpines,20,3.0,1,0.7451490514905149
indianpines,20,5.0,1,0.7712737127371274
indianpines,20,10.0,1,0.7543631436314363
indianpines,20,1.0,2,0.7772357723577236
indianpines,20,3.0,2,0.7712737127371274
indianpines,20,5.0,2,0.7630352303523035
indianpines,20,10.0,2,0.7453658536585366
indianpines,20,1.0,3,0.7712737127371274
indianpines,20,3.0,3,0.7457994579945799
indianpines,20,5.0,3,0.743739837398374
indianpines,20,10.0,3,0.7618428184281842
indianpines,20,1.0,4,0.7629268292682927
indianpines,20,3.0,4,0.7624932249322494
indianpines,20,5.0,4,0.7364769647696477
indianpines,20,10.0,4,0.7438482384823848
indianpines,20,1.0,5,0.7761517615176152
indianpines,20,3.0,5,0.7615176151761518
indianpines,20,5.0,5,0.7575067750677507
indianpines,20,10.0,5,0.7326829268292683
indianpines,20,1.0,6,0.7811382113821138
indianpines,20,3.0,6,0.7680216802168022
indianpines,20,5.0,6,0.7699728997289973
indianpines,20,10.0,6,0.7581571815718157
indianpines,20,1.0,7,0.7824390243902439
indianpines,20,3.0,7,0.7644444444444445
indianpines,20,5.0,7,0.7787533875338754
indianpines,20,10.0,7,0.7564227642276423
indianpines,20,1.0,8,0.7861246612466125
indianpines,20,3.0,8,0.7583739837398374
indianpines,20,5.0,8,0.7847154471544715
indianpines,20,10.0,8,0.7375609756097561
indianpines,20,1.0,9,0.7766937669376693
indianpines,20,3.0,9,0.7687804878048781
indianpines,20,5.0,9,0.7577235772357723
indianpines,20,10.0,9,0.7578319783197832
indianpines,22,1.0,0,0.7707317073170732
indianpines,22,3.0,0,0.769539295392954
indianpines,22,5.0,0,0.7585907859078591
indianpines,22,10.0,0,0.762710027100271
indianpines,22,1.0,1,0.781029810298103
indianpines,22,3.0,1,0.770840108401084
indianpines,22,5.0,1,0.7856910569105691
indianpines,22,10.0,1,0.7807046070460705
indianpines,22,1.0,2,0.7861246612466125
indianpines,22,3.0,2,0.7707317073170732
indianpines,22,5.0,2,0.7656368563685637
indianpines,22,10.0,2,0.7666124661246613
indianpines,22,1.0,3,0.7712737127371274
indianpines,22,3.0,3,0.766070460704607
indianpines,22,5.0,3,0.7610840108401083
indianpines,22,10.0,3,0.7497018970189702
indianpines,22,1.0,4,0.7788617886178861
indianpines,22,3.0,4,0.7763685636856369
indianpines,22,5.0,4,0.7752845528455284
indianpines,22,10.0,4,0.7624932249322494
indianpines,22,1.0,5,0.7717073170731708
indianpines,22,3.0,5,0.7852574525745257
indianpines,22,5.0,5,0.7795121951219512
indianpines,22,10.0,5,0.7809214092140921
indianpines,22,1.0,6,0.7790785907859079
indianpines,22,3.0,6,0.7657452574525745
indianpines,22,5.0,6,0.7824390243902439
indianpines,22,10.0,6,0.7554471544715448
indianpines,22,1.0,7,0.7761517615176152
indianpines,22,3.0,7,0.7764769647696477
indianpines,22,5.0,7,0.7704065040650406
indianpines,22,10.0,7,0.7797289972899729
indianpines,22,1.0,8,0.7919783197831979
indianpines,22,3.0,8,0.7732249322493225
indianpines,22,5.0,8,0.7622764227642277
indianpines,22,10.0,8,0.7540379403794037
indianpines,22,1.0,9,0.7768021680216802
indianpines,22,3.0,9,0.7571815718157181
indianpines,22,5.0,9,0.7513279132791328
indianpines,22,10.0,9,0.7567479674796748
indianpines,24,1.0,0,0.7590243902439024
indianpines,24,3.0,0,0.7698644986449864
indianpines,24,5.0,0,0.7693224932249323
indianpines,24,10.0,0,0.7688888888888888
indianpines,24,1.0,1,0.7802710027100271
indianpines,24,3.0,1,0.7608672086720867
indianpines,24,5.0,1,0.7656368563685637
indianpines,24,10.0,1,0.7605420054200542
indianpines,24,1.0,2,0.7688888888888888
indianpines,24,3.0,2,0.760650406504065
indianpines,24,5.0,2,0.7697560975609756
indianpines,24,10.0,2,0.7732249322493225
indianpines,24,1.0,3,0.778970189701897
indianpines,24,3.0,3,0.7604336043360433
indianpines,24,5.0,3,0.7589159891598916
indianpines,24,10.0,3,0.7576151761517615
indianpines,24,1.0,4,0.7668292682926829
indianpines,24,3.0,4,0.7658536585365854
indianpines,24,5.0,4,0.7616260162601626
indianpines,24,10.0,4,0.7804878048780488
indianpines,24,1.0,5,0.7910027100271003
indianpines,24,3.0,5,0.757289972899729
indianpines,24,5.0,5,0.7777777777777778
indianpines,24,10.0,5,0.7451490514905149
indianpines,24,1.0,6,0.7825474254742547
indianpines,24,3.0,6,0.7760433604336043
indianpines,24,5.0,6,0.763360433604336
indianpines,24,10.0,6,0.7592411924119241
indianpines,24,1.0,7,0.7983739837398374
indianpines,24,3.0,7,0.77289972899729
indianpines,24,5.0,7,0.7971815718157181
indianpines,24,10.0,7,0.8080216802168022
indianpines,24,1.0,8,0.7804878048780488
indianpines,24,3.0,8,0.7702981029810299
indianpines,24,5.0,8,0.7764769647696477
indianpines,24,10.0,8,0.7601084010840108
indianpines,24,1.0,9,0.7907859078590785
indianpines,24,3.0,9,0.7781029810298103
indianpines,24,5.0,9,0.7526287262872629
indianpines,24,10.0,9,0.7499186991869918
indianpines,26,1.0,0,0.7828726287262873
indianpines,26,3.0,0,0.7712737127371274
indianpines,26,5.0,0,0.7927371273712737
indianpines,26,10.0,0,0.7808130081300813
indianpines,26,1.0,1,0.7868834688346883
indianpines,26,3.0,1,0.7501355013550135
indianpines,26,5.0,1,0.7668292682926829
indianpines,26,10.0,1,0.7835230352303523
indianpines,26,1.0,2,0.7814634146341464
indianpines,26,3.0,2,0.7805962059620596
indianpines,26,5.0,2,0.7765853658536586
indianpines,26,10.0,2,0.7636856368563686
indianpines,26,1.0,3,0.7837398373983739
indianpines,26,3.0,3,0.7594579945799458
indianpines,26,5.0,3,0.7880758807588076
indianpines,26,10.0,3,0.7757181571815718
indianpines,26,1.0,4,0.7833062330623306
indianpines,26,3.0,4,0.7766937669376693
indianpines,26,5.0,4,0.7713821138211382
indianpines,26,10.0,4,0.7772357723577236
indianpines,26,1.0,5,0.7761517615176152
indianpines,26,3.0,5,0.7588075880758808
indianpines,26,5.0,5,0.7890514905149052
indianpines,26,10.0,5,0.7584823848238482
indianpines,26,1.0,6,0.7852574525745257
indianpines,26,3.0,6,0.7717073170731708
indianpines,26,5.0,6,0.778970189701897
indianpines,26,10.0,6,0.7678048780487805
indianpines,26,1.0,7,0.78579945799458
indianpines,26,3.0,7,0.7673712737127372
indianpines,26,5.0,7,0.7765853658536586
indianpines,26,10.0,7,0.770189701897019
indianpines,26,1.0,8,0.7914363143631437
indianpines,26,3.0,8,0.778970189701897
indianpines,26,5.0,8,0.767479674796748
indianpines,26,10.0,8,0.7555555555555555
indianpines,26,1.0,9,0.7892682926829269
indianpines,26,3.0,9,0.7551219512195122
indianpines,26,5.0,9,0.7830894308943089
indianpines,26,10.0,9,0.7774525745257452
indianpines,28,1.0,0,0.7725745257452574
indianpines,28,3.0,0,0.772249322493225
indianpines,28,5.0,0,0.7774525745257452
indianpines,28,10.0,0,0.7764769647696477
indianpines,28,1.0,1,0.7861246612466125
indianpines,28,3.0,1,0.7582655826558266
indianpines,28,5.0,1,0.7554471544715448
indianpines,28,10.0,1,0.7647696476964769
indianpines,28,1.0,2,0.7916531165311653
indianpines,28,3.0,2,0.7650948509485095
indianpines,28,5.0,2,0.7715989159891599
indianpines,28,10.0,2,0.7820054200542006
indianpines,28,1.0,3,0.7723577235772358
indianpines,28,3.0,3,0.767479674796748
indianpines,28,5.0,3,0.7764769647696477
indianpines,28,10.0,3,0.7508943089430894
indianpines,28,1.0,4,0.7841734417344174
indianpines,28,3.0,4,0.7592411924119241
indianpines,28,5.0,4,0.7792953929539296
indianpines,28,10.0,4,0.773550135501355
indianpines,28,1.0,5,0.7731165311653116
indianpines,28,3.0,5,0.7820054200542006
indianpines,28,5.0,5,0.7867750677506775
indianpines,28,10.0,5,0.7751761517615177
indianpines,28,1.0,6,0.7969647696476965
indianpines,28,3.0,6,0.7778861788617886
indianpines,28,5.0,6,0.7866666666666666
indianpines,28,10.0,6,0.7685636856368564
indianpines,28,1.0,7,0.7865582655826558
indianpines,28,3.0,7,0.7734417344173442
indianpines,28,5.0,7,0.7803794037940379
indianpines,28,10.0,7,0.7725745257452574
indianpines,28,1.0,8,0.7871002710027101
indianpines,28,3.0,8,0.776910569105691
indianpines,28,5.0,8,0.7628184281842818
indianpines,28,10.0,8,0.7614092140921409
indianpines,28,1.0,9,0.7807046070460705
indianpines,28,3.0,9,0.791219512195122
indianpines,28,5.0,9,0.7808130081300813
indianpines,28,10.0,9,0.7594579945799458
indianpines,30,1.0,0,0.766070460704607
indianpines,30,3.0,0,0.7662872628726287
indianpines,30,5.0,0,0.7763685636856369
indianpines,30,10.0,0,0.7772357723577236
indianpines,30,1.0,1,0.7567479674796748
indianpines,30,3.0,1,0.7662872628726287
indianpines,30,5.0,1,0.7801626016260162
indianpines,30,10.0,1,0.7860162601626016
indianpines,30,1.0,2,0.7778861788617886
indianpines,30,3.0,2,0.7803794037940379
indianpines,30,5.0,2,0.7846070460704607
indianpines,30,10.0,2,0.7585907859078591
indianpines,30,1.0,3,0.7731165311653116
indianpines,30,3.0,3,0.747750677506775
indianpines,30,5.0,3,0.7777777777777778
indianpines,30,10.0,3,0.7726829268292683
indianpines,30,1.0,4,0.7775609756097561
indianpines,30,3.0,4,0.7663956639566396
indianpines,30,5.0,4,0.7960975609756098
indianpines,30,10.0,4,0.7615176151761518
indianpines,30,1.0,5,0.7631436314363144
indianpines,30,3.0,5,0.7790785907859079
indianpines,30,5.0,5,0.7824390243902439
indianpines,30,10.0,5,0.7508943089430894
indianpines,30,1.0,6,0.775609756097561
indianpines,30,3.0,6,0.7894850948509485
indianpines,30,5.0,6,0.8002168021680217
indianpines,30,10.0,6,0.782330623306233
indianpines,30,1.0,7,0.7732249322493225
indianpines,30,3.0,7,0.778970189701897
indianpines,30,5.0,7,0.7874254742547425
indianpines,30,10.0,7,0.7694308943089431
indianpines,30,1.0,8,0.7663956639566396
indianpines,30,3.0,8,0.7693224932249323
indianpines,30,5.0,8,0.7995663956639566
indianpines,30,10.0,8,0.7721409214092141
indianpines,30,1.0,9,0.7837398373983739
indianpines,30,3.0,9,0.7781029810298103
indianpines,30,5.0,9,0.7977235772357724
indianpines,30,10.0,9,0.7852574525745257
indianpines,32,1.0,0,0.7958807588075881
indianpines,32,3.0,0,0.7779945799457995
indianpines,32,5.0,0,0.8130081300813008
indianpines,32,10.0,0,0.7892682926829269
indianpines,32,1.0,1,0.7828726287262873
indianpines,32,3.0,1,0.7784281842818428
indianpines,32,5.0,1,0.8067208672086721
indianpines,32,10.0,1,0.7787533875338754
indianpines,32,1.0,2,0.7817886178861788
indianpines,32,3.0,2,0.7838482384823848
indianpines,32,5.0,2,0.7848238482384824
indianpines,32,10.0,2,0.7930623306233062
indianpines,32,1.0,3,0.7913279132791328
indianpines,32,3.0,3,0.7785365853658537
indianpines,32,5.0,3,0.785149051490515
indianpines,32,10.0,3,0.7724661246612466
indianpines,32,1.0,4,0.7950135501355013
indianpines,32,3.0,4,0.778319783197832
indianpines,32,5.0,4,0.8087804878048781
indianpines,32,10.0,4,0.7828726287262873
indianpines,32,1.0,5,0.7673712737127372
indianpines,32,3.0,5,0.7779945799457995
indianpines,32,5.0,5,0.7871002710027101
indianpines,32,10.0,5,0.7850406504065041
indianpines,32,1.0,6,0.7960975609756098
indianpines,32,3.0,6,0.7874254742547425
indianpines,32,5.0,6,0.8011924119241193
indianpines,32,10.0,6,0.7673712737127372
indianpines,32,1.0,7,0.7740921409214092
indianpines,32,3.0,7,0.7653116531165312
indianpines,32,5.0,7,0.7807046070460705
indianpines,32,10.0,7,0.8073712737127371
indianpines,32,1.0,8,0.7684552845528455
indianpines,32,3.0,8,0.7747425474254742
indianpines,32,5.0,8,0.7914363143631437
indianpines,32,10.0,8,0.7772357723577236
indianpines,32,1.0,9,0.7837398373983739
indianpines,32,3.0,9,0.778319783197832
indianpines,32,5.0,9,0.8062872628726288
indianpines,32,10.0,9,0.7800542005420055
indianpines,34,1.0,0,0.7873170731707317
indianpines,34,3.0,0,0.7908943089430894
indianpines,34,5.0,0,0.7880758807588076
indianpines,34,10.0,0,0.7916531165311653
indianpines,34,1.0,1,0.7757181571815718
indianpines,34,3.0,1,0.7946883468834688
indianpines,34,5.0,1,0.8043360433604336
indianpines,34,10.0,1,0.7742005420054201
indianpines,34,1.0,2,0.7720325203252032
indianpines,34,3.0,2,0.792520325203252
indianpines,34,5.0,2,0.7738753387533875
indianpines,34,10.0,2,0.7693224932249323
indianpines,34,1.0,3,0.7668292682926829
indianpines,34,3.0,3,0.7865582655826558
indianpines,34,5.0,3,0.7975067750677507
indianpines,34,10.0,3,0.7731165311653116
indianpines,34,1.0,4,0.7543631436314363
indianpines,34,3.0,4,0.7829810298102982
indianpines,34,5.0,4,0.8037940379403794
indianpines,34,10.0,4,0.7795121951219512
indianpines,34,1.0,5,0.7835230352303523
indianpines,34,3.0,5,0.7942547425474255
indianpines,34,5.0,5,0.7990243902439025
indianpines,34,10.0,5,0.7681300813008131
indianpines,34,1.0,6,0.7692140921409214
indianpines,34,3.0,6,0.7862330623306233
indianpines,34,5.0,6,0.8002168021680217
indianpines,34,10.0,6,0.7752845528455284
indianpines,34,1.0,7,0.7685636856368564
indianpines,34,3.0,7,0.7827642276422764
indianpines,34,5.0,7,0.7791869918699187
indianpines,34,10.0,7,0.7645528455284553
indianpines,34,1.0,8,0.7781029810298103
indianpines,34,3.0,8,0.7788617886178861
indianpines,34,5.0,8,0.7853658536585366
indianpines,34,10.0,8,0.7856910569105691
indianpines,34,1.0,9,0.7706233062330623
indianpines,34,3.0,9,0.7904607046070461
indianpines,34,5.0,9,0.7871002710027101
indianpines,34,10.0,9,0.7714905149051491
indianpines,36,1.0,0,0.7970731707317074
indianpines,36,3.0,0,0.7820054200542006
indianpines,36,5.0,0,0.808130081300813
indianpines,36,10.0,0,0.7567479674796748
indianpines,36,1.0,1,0.7875338753387534
indianpines,36,3.0,1,0.7995663956639566
indianpines,36,5.0,1,0.7835230352303523
indianpines,36,10.0,1,0.7760433604336043
indianpines,36,1.0,2,0.7713821138211382
indianpines,36,3.0,2,0.7884010840108401
indianpines,36,5.0,2,0.7981571815718157
indianpines,36,10.0,2,0.7757181571815718
indianpines,36,1.0,3,0.7771273712737128
indianpines,36,3.0,3,0.7866666666666666
indianpines,36,5.0,3,0.7980487804878049
indianpines,36,10.0,3,0.7906775067750678
indianpines,36,1.0,4,0.7831978319783198
indianpines,36,3.0,4,0.7882926829268293
indianpines,36,5.0,4,0.7803794037940379
indianpines,36,10.0,4,0.7791869918699187
indianpines,36,1.0,5,0.7733333333333333
indianpines,36,3.0,5,0.800650406504065
indianpines,36,5.0,5,0.8055284552845529
indianpines,36,10.0,5,0.7774525745257452
indianpines,36,1.0,6,0.7879674796747967
indianpines,36,3.0,6,0.786449864498645
indianpines,36,5.0,6,0.7930623306233062
indianpines,36,10.0,6,0.7878590785907859
indianpines,36,1.0,7,0.7852574525745257
indianpines,36,3.0,7,0.7790785907859079
indianpines,36,5.0,7,0.7934959349593496
indianpines,36,10.0,7,0.7596747967479675
indianpines,36,1.0,8,0.7890514905149052
indianpines,36,3.0,8,0.7877506775067751
indianpines,36,5.0,8,0.7837398373983739
indianpines,36,10.0,8,0.7838482384823848
indianpines,36,1.0,9,0.7764769647696477
indianpines,36,3.0,9,0.7768021680216802
indianpines,36,5.0,9,0.7804878048780488
indianpines,36,10.0,9,0.7852574525745257
indianpines,38,1.0,0,0.7879674796747967
indianpines,38,3.0,0,0.7837398373983739
indianpines,38,5.0,0,0.7971815718157181
indianpines,38,10.0,0,0.789159891598916
indianpines,38,1.0,1,0.7933875338753388
indianpines,38,3.0,1,0.7871002710027101
indianpines,38,5.0,1,0.7950135501355013
indianpines,38,10.0,1,0.7718157181571815
indianpines,38,1.0,2,0.7820054200542006
indianpines,38,3.0,2,0.7887262872628726
indianpines,38,5.0,2,0.8033604336043361
indianpines,38,10.0,2,0.7779945799457995
indianpines,38,1.0,3,0.7904607046070461
indianpines,38,3.0,3,0.7900271002710028
indianpines,38,5.0,3,0.789810298102981
indianpines,38,10.0,3,0.7772357723577236
indianpines,38,1.0,4,0.7840650406504065
indianpines,38,3.0,4,0.7813550135501355
indianpines,38,5.0,4,0.7901355013550135
indianpines,38,10.0,4,0.7849322493224932
indianpines,38,1.0,5,0.7777777777777778
indianpines,38,3.0,5,0.776260162601626
indianpines,38,5.0,5,0.7834146341463415
indianpines,38,10.0,5,0.7616260162601626
indianpines,38,1.0,6,0.7837398373983739
indianpines,38,3.0,6,0.7927371273712737
indianpines,38,5.0,6,0.7981571815718157
indianpines,38,10.0,6,0.7808130081300813
indianpines,38,1.0,7,0.7732249322493225
indianpines,38,3.0,7,0.7794037940379404
indianpines,38,5.0,7,0.8034688346883468
indianpines,38,10.0,7,0.7897018970189702
indianpines,38,1.0,8,0.7890514905149052
indianpines,38,3.0,8,0.7901355013550135
indianpines,38,5.0,8,0.8131165311653117
indianpines,38,10.0,8,0.7919783197831979
indianpines,38,1.0,9,0.7886178861788617
indianpines,38,3.0,9,0.7900271002710028
indianpines,38,5.0,9,0.7941463414634147
indianpines,38,10.0,9,0.7748509485094851
indianpines,40,1.0,0,0.7828726287262873
indianpines,40,3.0,0,0.7924119241192412
indianpines,40,5.0,0,0.7836314363143632
indianpines,40,10.0,0,0.7882926829268293
indianpines,40,1.0,1,0.7736585365853659
indianpines,40,3.0,1,0.781680216802168
indianpines,40,5.0,1,0.7811382113821138
indianpines,40,10.0,1,0.7825474254742547
indianpines,40,1.0,2,0.7684552845528455
indianpines,40,3.0,2,0.7774525745257452
indianpines,40,5.0,2,0.8102981029810298
indianpines,40,10.0,2,0.7714905149051491
indianpines,40,1.0,3,0.776260162601626
indianpines,40,3.0,3,0.7989159891598916
indianpines,40,5.0,3,0.7768021680216802
indianpines,40,10.0,3,0.7766937669376693
indianpines,40,1.0,4,0.7900271002710028
indianpines,40,3.0,4,0.7877506775067751
indianpines,40,5.0,4,0.7937127371273712
indianpines,40,10.0,4,0.7799457994579946
indianpines,40,1.0,5,0.7828726287262873
indianpines,40,3.0,5,0.7834146341463415
indianpines,40,5.0,5,0.7993495934959349
indianpines,40,10.0,5,0.788509485094851
indianpines,40,1.0,6,0.7841734417344174
indianpines,40,3.0,6,0.7964227642276422
indianpines,40,5.0,6,0.808130081300813
indianpines,40,10.0,6,0.778319783197832
indianpines,40,1.0,7,0.7801626016260162
indianpines,40,3.0,7,0.7906775067750678
indianpines,40,5.0,7,0.7928455284552846
indianpines,40,10.0,7,0.7926287262872629
indianpines,40,1.0,8,0.7976151761517615
indianpines,40,3.0,8,0.7807046070460705
indianpines,40,5.0,8,0.7846070460704607
indianpines,40,10.0,8,0.7826558265582656
indianpines,40,1.0,9,0.7757181571815718
indianpines,40,3.0,9,0.7846070460704607
indianpines,40,5.0,9,0.7583739837398374
indianpines,40,10.0,9,0.766720867208672
indianpines,42,1.0,0,0.7854742547425474
indianpines,42,3.0,0,0.7829810298102982
indianpines,42,5.0,0,0.7892682926829269
indianpines,42,10.0,0,0.7933875338753388
indianpines,42,1.0,1,0.7926287262872629
indianpines,42,3.0,1,0.7734417344173442
indianpines,42,5.0,1,0.7811382113821138
indianpines,42,10.0,1,0.784390243902439
indianpines,42,1.0,2,0.7926287262872629
indianpines,42,3.0,2,0.7838482384823848
indianpines,42,5.0,2,0.7967479674796748
indianpines,42,10.0,2,0.7839566395663957
indianpines,42,1.0,3,0.7742005420054201
indianpines,42,3.0,3,0.7821138211382114
indianpines,42,5.0,3,0.7808130081300813
indianpines,42,10.0,3,0.7929539295392954
indianpines,42,1.0,4,0.7706233062330623
indianpines,42,3.0,4,0.781680216802168
indianpines,42,5.0,4,0.7817886178861788
indianpines,42,10.0,4,0.77289972899729
indianpines,42,1.0,5,0.7586991869918699
indianpines,42,3.0,5,0.7855826558265583
indianpines,42,5.0,5,0.7882926829268293
indianpines,42,10.0,5,0.7714905149051491
indianpines,42,1.0,6,0.7563143631436314
indianpines,42,3.0,6,0.7970731707317074
indianpines,42,5.0,6,0.7884010840108401
indianpines,42,10.0,6,0.7877506775067751
indianpines,42,1.0,7,0.7547967479674796
indianpines,42,3.0,7,0.7733333333333333
indianpines,42,5.0,7,0.8030352303523035
indianpines,42,10.0,7,0.7775609756097561
indianpines,42,1.0,8,0.781680216802168
indianpines,42,3.0,8,0.7787533875338754
indianpines,42,5.0,8,0.8091056910569105
indianpines,42,10.0,8,0.7752845528455284
indianpines,42,1.0,9,0.776260162601626
indianpines,42,3.0,9,0.7846070460704607
indianpines,42,5.0,9,0.7901355013550135
indianpines,42,10.0,9,0.7670460704607046
indianpines,44,1.0,0,0.7510027100271003
indianpines,44,3.0,0,0.7764769647696477
indianpines,44,5.0,0,0.7878590785907859
indianpines,44,10.0,0,0.7808130081300813
indianpines,44,1.0,1,0.7559891598915989
indianpines,44,3.0,1,0.786449864498645
indianpines,44,5.0,1,0.8069376693766938
indianpines,44,10.0,1,0.7569647696476964
indianpines,44,1.0,2,0.7551219512195122
indianpines,44,3.0,2,0.7895934959349593
indianpines,44,5.0,2,0.7933875338753388
indianpines,44,10.0,2,0.7760433604336043
indianpines,44,1.0,3,0.775609756097561
indianpines,44,3.0,3,0.792520325203252
indianpines,44,5.0,3,0.7805962059620596
indianpines,44,10.0,3,0.7752845528455284
indianpines,44,1.0,4,0.7681300813008131
indianpines,44,3.0,4,0.7991327913279133
indianpines,44,5.0,4,0.7772357723577236
indianpines,44,10.0,4,0.7869918699186992
indianpines,44,1.0,5,0.7740921409214092
indianpines,44,3.0,5,0.7557723577235772
indianpines,44,5.0,5,0.8102981029810298
indianpines,44,10.0,5,0.7809214092140921
indianpines,44,1.0,6,0.7657452574525745
indianpines,44,3.0,6,0.7779945799457995
indianpines,44,5.0,6,0.8044444444444444
indianpines,44,10.0,6,0.7928455284552846
indianpines,44,1.0,7,0.7715989159891599
indianpines,44,3.0,7,0.7929539295392954
indianpines,44,5.0,7,0.7971815718157181
indianpines,44,10.0,7,0.7893766937669376
indianpines,44,1.0,8,0.7900271002710028
indianpines,44,3.0,8,0.7747425474254742
indianpines,44,5.0,8,0.7923035230352303
indianpines,44,10.0,8,0.7934959349593496
indianpines,44,1.0,9,0.7551219512195122
indianpines,44,3.0,9,0.7670460704607046
indianpines,44,5.0,9,0.7888346883468834
indianpines,44,10.0,9,0.7881842818428184
indianpines,46,1.0,0,0.7797289972899729
indianpines,46,3.0,0,0.7730081300813008
indianpines,46,5.0,0,0.8022764227642276
indianpines,46,10.0,0,0.7688888888888888
indianpines,46,1.0,1,0.7893766937669376
indianpines,46,3.0,1,0.7824390243902439
indianpines,46,5.0,1,0.7900271002710028
indianpines,46,10.0,1,0.7807046070460705
indianpines,46,1.0,2,0.7861246612466125
indianpines,46,3.0,2,0.756639566395664
indianpines,46,5.0,2,0.7825474254742547
indianpines,46,10.0,2,0.7814634146341464
indianpines,46,1.0,3,0.7846070460704607
indianpines,46,3.0,3,0.7878590785907859
indianpines,46,5.0,3,0.7893766937669376
indianpines,46,10.0,3,0.7828726287262873
indianpines,46,1.0,4,0.7886178861788617
indianpines,46,3.0,4,0.7666124661246613
indianpines,46,5.0,4,0.7973983739837398
indianpines,46,10.0,4,0.7911111111111111
indianpines,46,1.0,5,0.7737669376693767
indianpines,46,3.0,5,0.7887262872628726
indianpines,46,5.0,5,0.7906775067750678
indianpines,46,10.0,5,0.7730081300813008
indianpines,46,1.0,6,0.7764769647696477
indianpines,46,3.0,6,0.8004336043360434
indianpines,46,5.0,6,0.806829268292683
indianpines,46,10.0,6,0.7699728997289973
indianpines,46,1.0,7,0.7910027100271003
indianpines,46,3.0,7,0.7866666666666666
indianpines,46,5.0,7,0.7710569105691056
indianpines,46,10.0,7,0.7686720867208672
indianpines,46,1.0,8,0.7673712737127372
indianpines,46,3.0,8,0.7641192411924119
indianpines,46,5.0,8,0.7787533875338754
indianpines,46,10.0,8,0.785149051490515
indianpines,46,1.0,9,0.7751761517615177
indianpines,46,3.0,9,0.7772357723577236
indianpines,46,5.0,9,0.800650406504065
indianpines,46,10.0,9,0.78579945799458
indianpines,48,1.0,0,0.7981571815718157
indianpines,48,3.0,0,0.7808130081300813
indianpines,48,5.0,0,0.7820054200542006
indianpines,48,10.0,0,0.7736585365853659
indianpines,48,1.0,1,0.8034688346883468
indianpines,48,3.0,1,0.7895934959349593
indianpines,48,5.0,1,0.8
indianpines,48,10.0,1,0.7805962059620596
indianpines,48,1.0,2,0.7675880758807588
indianpines,48,3.0,2,0.7779945799457995
indianpines,48,5.0,2,0.7887262872628726
indianpines,48,10.0,2,0.7867750677506775
indianpines,48,1.0,3,0.7691056910569106
indianpines,48,3.0,3,0.795230352303523
indianpines,48,5.0,3,0.7805962059620596
indianpines,48,10.0,3,0.7744173441734418
indianpines,48,1.0,4,0.7876422764227642
indianpines,48,3.0,4,0.784390243902439
indianpines,48,5.0,4,0.7671544715447155
indianpines,48,10.0,4,0.7876422764227642
indianpines,48,1.0,5,0.7818970189701897
indianpines,48,3.0,5,0.7765853658536586
indianpines,48,5.0,5,0.7854742547425474
indianpines,48,10.0,5,0.7881842818428184
indianpines,48,1.0,6,0.7588075880758808
indianpines,48,3.0,6,0.7899186991869919
indianpines,48,5.0,6,0.7940379403794038
indianpines,48,10.0,6,0.7706233062330623
indianpines,48,1.0,7,0.7905691056910569
indianpines,48,3.0,7,0.7888346883468834
indianpines,48,5.0,7,0.7890514905149052
indianpines,48,10.0,7,0.7629268292682927
indianpines,48,1.0,8,0.7745257452574525
indianpines,48,3.0,8,0.7852574525745257
indianpines,48,5.0,8,0.7635772357723577
indianpines,48,10.0,8,0.7710569105691056
indianpines,48,1.0,9,0.7687804878048781
indianpines,48,3.0,9,0.7947967479674797
indianpines,48,5.0,9,0.7903523035230352
indianpines,48,10.0,9,0.7760433604336043
indianpines,50,1.0,0,0.7831978319783198
indianpines,50,3.0,0,0.7914363143631437
indianpines,50,5.0,0,0.7920867208672087
indianpines,50,10.0,0,0.80130081300813
indianpines,50,1.0,1,0.7812466124661247
indianpines,50,3.0,1,0.791869918699187
indianpines,50,5.0,1,0.8094308943089431
indianpines,50,10.0,1,0.776260162601626
indianpines,50,1.0,2,0.7906775067750678
indianpines,50,3.0,2,0.7792953929539296
indianpines,50,5.0,2,0.7934959349593496
indianpines,50,10.0,2,0.7897018970189702
indianpines,50,1.0,3,0.7817886178861788
indianpines,50,3.0,3,0.7830894308943089
indianpines,50,5.0,3,0.7976151761517615
indianpines,50,10.0,3,0.7830894308943089
indianpines,50,1.0,4,0.757289972899729
indianpines,50,3.0,4,0.7879674796747967
indianpines,50,5.0,4,0.7910027100271003
indianpines,50,10.0,4,0.7920867208672087
indianpines,50,1.0,5,0.7558807588075881
indianpines,50,3.0,5,0.7777777777777778
indianpines,50,5.0,5,0.7965311653116531
indianpines,50,10.0,5,0.7875338753387534
indianpines,50,1.0,6,0.7848238482384824
indianpines,50,3.0,6,0.7877506775067751
indianpines,50,5.0,6,0.7988075880758807
indianpines,50,10.0,6,0.7721409214092141
indianpines,50,1.0,7,0.7726829268292683
indianpines,50,3.0,7,0.784390243902439
indianpines,50,5.0,7,0.7877506775067751
indianpines,50,10.0,7,0.7827642276422764
indianpines,50,1.0,8,0.7623848238482385
indianpines,50,3.0,8,0.7943631436314363
indianpines,50,5.0,8,0.7788617886178861
indianpines,50,10.0,8,0.7944715447154471
indianpines,50,1.0,9,0.7615176151761518
indianpines,50,3.0,9,0.7702981029810299
indianpines,50,5.0,9,0.7812466124661247
indianpines,50,10.0,9,0.7748509485094851
indianpines,52,1.0,0,0.7598915989159891
indianpines,52,3.0,0,0.7841734417344174
indianpines,52,5.0,0,0.7737669376693767
indianpines,52,10.0,0,0.7861246612466125
indianpines,52,1.0,1,0.7805962059620596
indianpines,52,3.0,1,0.7874254742547425
indianpines,52,5.0,1,0.7757181571815718
indianpines,52,10.0,1,0.7647696476964769
indianpines,52,1.0,2,0.7890514905149052
indianpines,52,3.0,2,0.7838482384823848
indianpines,52,5.0,2,0.7854742547425474
indianpines,52,10.0,2,0.7736585365853659
indianpines,52,1.0,3,0.7924119241192412
indianpines,52,3.0,3,0.7675880758807588
indianpines,52,5.0,3,0.7931707317073171
indianpines,52,10.0,3,0.7871002710027101
indianpines,52,1.0,4,0.7772357723577236
indianpines,52,3.0,4,0.7777777777777778
indianpines,52,5.0,4,0.7668292682926829
indianpines,52,10.0,4,0.7772357723577236
indianpines,52,1.0,5,0.7743089430894309
indianpines,52,3.0,5,0.7804878048780488
indianpines,52,5.0,5,0.7792953929539296
indianpines,52,10.0,5,0.7809214092140921
indianpines,52,1.0,6,0.7799457994579946
indianpines,52,3.0,6,0.7875338753387534
indianpines,52,5.0,6,0.7844986449864498
indianpines,52,10.0,6,0.7720325203252032
indianpines,52,1.0,7,0.7887262872628726
indianpines,52,3.0,7,0.7763685636856369
indianpines,52,5.0,7,0.7813550135501355
indianpines,52,10.0,7,0.7775609756097561
indianpines,52,1.0,8,0.7850406504065041
indianpines,52,3.0,8,0.7842818428184282
indianpines,52,5.0,8,0.7749593495934959
indianpines,52,10.0,8,0.7719241192411924
indianpines,52,1.0,9,0.7824390243902439
indianpines,52,3.0,9,0.7746341463414634
indianpines,52,5.0,9,0.7873170731707317
indianpines,52,10.0,9,0.7791869918699187
indianpines,54,1.0,0,0.7687804878048781
indianpines,54,3.0,0,0.7702981029810299
indianpines,54,5.0,0,0.7964227642276422
indianpines,54,10.0,0,0.776260162601626
indianpines,54,1.0,1,0.7873170731707317
indianpines,54,3.0,1,0.7848238482384824
indianpines,54,5.0,1,0.7930623306233062
indianpines,54,10.0,1,0.7746341463414634
indianpines,54,1.0,2,0.7916531165311653
indianpines,54,3.0,2,0.7817886178861788
indianpines,54,5.0,2,0.7967479674796748
indianpines,54,10.0,2,0.7731165311653116
indianpines,54,1.0,3,0.7905691056910569
indianpines,54,3.0,3,0.7768021680216802
indianpines,54,5.0,3,0.7881842818428184
indianpines,54,10.0,3,0.7978319783197833
indianpines,54,1.0,4,0.7746341463414634
indianpines,54,3.0,4,0.7866666666666666
indianpines,54,5.0,4,0.7765853658536586
indianpines,54,10.0,4,0.769539295392954
indianpines,54,1.0,5,0.7787533875338754
indianpines,54,3.0,5,0.7758265582655827
indianpines,54,5.0,5,0.7988075880758807
indianpines,54,10.0,5,0.7825474254742547
indianpines,54,1.0,6,0.7776693766937669
indianpines,54,3.0,6,0.776260162601626
indianpines,54,5.0,6,0.7791869918699187
indianpines,54,10.0,6,0.7893766937669376
indianpines,54,1.0,7,0.7622764227642277
indianpines,54,3.0,7,0.7905691056910569
indianpines,54,5.0,7,0.7917615176151761
indianpines,54,10.0,7,0.7850406504065041
indianpines,54,1.0,8,0.775609756097561
indianpines,54,3.0,8,0.7714905149051491
indianpines,54,5.0,8,0.7771273712737128
indianpines,54,10.0,8,0.784390243902439
indianpines,54,1.0,9,0.7752845528455284
indianpines,54,3.0,9,0.7944715447154471
indianpines,54,5.0,9,0.7763685636856369
indianpines,54,10.0,9,0.7712737127371274
indianpines,56,1.0,0,0.772249322493225
indianpines,56,3.0,0,0.7978319783197833
indianpines,56,5.0,0,0.7927371273712737
indianpines,56,10.0,0,0.7809214092140921
indianpines,56,1.0,1,0.8004336043360434
indianpines,56,3.0,1,0.775609756097561
indianpines,56,5.0,1,0.7831978319783198
indianpines,56,10.0,1,0.7818970189701897
indianpines,56,1.0,2,0.778970189701897
indianpines,56,3.0,2,0.7906775067750678
indianpines,56,5.0,2,0.7874254742547425
indianpines,56,10.0,2,0.7760433604336043
indianpines,56,1.0,3,0.7684552845528455
indianpines,56,3.0,3,0.7921951219512195
indianpines,56,5.0,3,0.7781029810298103
indianpines,56,10.0,3,0.7761517615176152
indianpines,56,1.0,4,0.7906775067750678
indianpines,56,3.0,4,0.78579945799458
indianpines,56,5.0,4,0.7915447154471544
indianpines,56,10.0,4,0.7777777777777778
indianpines,56,1.0,5,0.7768021680216802
indianpines,56,3.0,5,0.7807046070460705
indianpines,56,5.0,5,0.7815718157181571
indianpines,56,10.0,5,0.7733333333333333
indianpines,56,1.0,6,0.7863414634146342
indianpines,56,3.0,6,0.7813550135501355
indianpines,56,5.0,6,0.7955555555555556
indianpines,56,10.0,6,0.7623848238482385
indianpines,56,1.0,7,0.7626016260162601
indianpines,56,3.0,7,0.770840108401084
indianpines,56,5.0,7,0.7924119241192412
indianpines,56,10.0,7,0.7642276422764228
indianpines,56,1.0,8,0.7788617886178861
indianpines,56,3.0,8,0.7956639566395663
indianpines,56,5.0,8,0.7917615176151761
indianpines,56,10.0,8,0.7743089430894309
indianpines,56,1.0,9,0.7688888888888888
indianpines,56,3.0,9,0.781680216802168
indianpines,56,5.0,9,0.7869918699186992
indianpines,56,10.0,9,0.7559891598915989
indianpines,58,1.0,0,0.7904607046070461
indianpines,58,3.0,0,0.7901355013550135
indianpines,58,5.0,0,0.8156097560975609
indianpines,58,10.0,0,0.7837398373983739
indianpines,58,1.0,1,0.7836314363143632
indianpines,58,3.0,1,0.789159891598916
indianpines,58,5.0,1,0.7888346883468834
indianpines,58,10.0,1,0.7670460704607046
indianpines,58,1.0,2,0.7856910569105691
indianpines,58,3.0,2,0.7652032520325204
indianpines,58,5.0,2,0.7973983739837398
indianpines,58,10.0,2,0.7680216802168022
indianpines,58,1.0,3,0.7975067750677507
indianpines,58,3.0,3,0.7838482384823848
indianpines,58,5.0,3,0.7814634146341464
indianpines,58,10.0,3,0.7781029810298103
indianpines,58,1.0,4,0.7614092140921409
indianpines,58,3.0,4,0.7691056910569106
indianpines,58,5.0,4,0.7908943089430894
indianpines,58,10.0,4,0.7848238482384824
indianpines,58,1.0,5,0.7831978319783198
indianpines,58,3.0,5,0.7937127371273712
indianpines,58,5.0,5,0.8042276422764227
indianpines,58,10.0,5,0.7766937669376693
indianpines,58,1.0,6,0.7775609756097561
indianpines,58,3.0,6,0.7811382113821138
indianpines,58,5.0,6,0.7926287262872629
indianpines,58,10.0,6,0.791219512195122
indianpines,58,1.0,7,0.7772357723577236
indianpines,58,3.0,7,0.7876422764227642
indianpines,58,5.0,7,0.797940379403794
indianpines,58,10.0,7,0.7853658536585366
indianpines,58,1.0,8,0.7821138211382114
indianpines,58,3.0,8,0.7543631436314363
indianpines,58,5.0,8,0.7915447154471544
indianpines,58,10.0,8,0.7877506775067751
indianpines,58,1.0,9,0.7900271002710028
indianpines,58,3.0,9,0.7953387533875339
indianpines,58,5.0,9,0.7988075880758807
indianpines,58,10.0,9,0.7801626016260162
indianpines,200,999,0,0.8023848238482385
indianpines,200,999,1,0.7577235772357723
indianpines,200,999,2,0.7910027100271003
indianpines,200,999,3,0.804769647696477
indianpines,200,999,4,0.778970189701897
indianpines,200,999,5,0.804769647696477
indianpines,200,999,6,0.7841734417344174
indianpines,200,999,7,0.786449864498645
indianpines,200,999,8,0.804119241192412
indianpines,200,999,9,0.7897018970189702
paviaU,2,1.0,0,0.6518091378996858
paviaU,2,3.0,0,0.6551338995818073
paviaU,2,5.0,0,0.6559131406010545
paviaU,2,10.0,0,0.6503026052624743
paviaU,2,1.0,1,0.651913036702252
paviaU,2,3.0,1,0.6509519727785137
paviaU,2,5.0,1,0.6476791604976753
paviaU,2,10.0,1,0.6407698901270162
paviaU,2,1.0,2,0.6513935426894205
paviaU,2,3.0,2,0.6478869581028078
paviaU,2,5.0,2,0.6432115119873243
paviaU,2,10.0,2,0.6570300527286423
paviaU,2,1.0,3,0.646042754357256
paviaU,2,3.0,3,0.6572638250344165
paviaU,2,5.0,3,0.6457570326501987
paviaU,2,10.0,3,0.6423023974648692
paviaU,2,1.0,4,0.643782955401439
paviaU,2,3.0,4,0.6587963323722694
paviaU,2,5.0,4,0.6553416971869399
paviaU,2,10.0,4,0.6474453881919011
paviaU,2,1.0,5,0.6435232083950232
paviaU,2,3.0,5,0.6570300527286423
paviaU,2,5.0,5,0.652952024727915
paviaU,2,10.0,5,0.6489519208291125
paviaU,2,1.0,6,0.647938907504091
paviaU,2,3.0,6,0.6525624042182914
paviaU,2,5.0,6,0.6595236239902336
paviaU,2,10.0,6,0.6456011844463493
paviaU,2,1.0,7,0.651237694485571
paviaU,2,3.0,7,0.6539130886516533
paviaU,2,5.0,7,0.645497285643783
paviaU,2,10.0,7,0.652458505415725
paviaU,2,1.0,8,0.6587963323722694
paviaU,2,3.0,8,0.6588742564741942
paviaU,2,5.0,8,0.6513415932881373
paviaU,2,10.0,8,0.6571339515312086
paviaU,2,1.0,9,0.6574716226395491
paviaU,2,3.0,9,0.6429777396815501
paviaU,2,5.0,9,0.6472375905867684
paviaU,2,10.0,9,0.6512117197849295
paviaU,4,1.0,0,0.7665393906335229
paviaU,4,3.0,0,0.7107457336554196
paviaU,4,5.0,0,0.7614743240084157
paviaU,4,10.0,0,0.774669471934336
paviaU,4,1.0,1,0.7527468245928466
paviaU,4,3.0,1,0.7226940959505441
paviaU,4,5.0,1,0.7477856567703057
paviaU,4,10.0,1,0.7685913919842073
paviaU,4,1.0,2,0.7800981843684252
paviaU,4,3.0,2,0.7070833008649575
paviaU,4,5.0,2,0.7635523000597418
paviaU,4,10.0,2,0.7646432374866879
paviaU,4,1.0,3,0.7519675835735993
paviaU,4,3.0,3,0.7227979947531105
paviaU,4,5.0,3,0.7690069871944726
paviaU,4,10.0,3,0.7589288033455415
paviaU,4,1.0,4,0.7710849632457986
paviaU,4,3.0,4,0.7021221330424167
paviaU,4,5.0,4,0.7528507233954128
paviaU,4,10.0,4,0.7596301202628639
paviaU,4,1.0,5,0.7735265851061066
paviaU,4,3.0,5,0.7127198109041794
paviaU,4,5.0,5,0.7872931764461415
paviaU,4,10.0,5,0.7585391828359178
paviaU,4,1.0,6,0.7617860204161147
paviaU,4,3.0,6,0.7223044754409206
paviaU,4,5.0,6,0.764331541078989
paviaU,4,10.0,6,0.7520974570768072
paviaU,4,1.0,7,0.7710849632457986
paviaU,4,3.0,7,0.7165380918984908
paviaU,4,5.0,7,0.757733967116029
paviaU,4,10.0,7,0.7640717940725733
paviaU,4,1.0,8,0.7646172627860464
paviaU,4,3.0,8,0.7566690043897244
paviaU,4,5.0,8,0.7692927089015299
paviaU,4,10.0,8,0.7526689004909218
paviaU,4,1.0,9,0.768981012493831
paviaU,4,3.0,9,0.7258630094288163
paviaU,4,5.0,9,0.7712408114496481
paviaU,4,10.0,9,0.7596301202628639
paviaU,6,1.0,0,0.8068001766279643
paviaU,6,3.0,0,0.8002026026650043
paviaU,6,5.0,0,0.8050598716849788
paviaU,6,10.0,0,0.8318397880464428
paviaU,6,1.0,1,0.8171640821839529
paviaU,6,3.0,1,0.8036052884490507
paviaU,6,5.0,1,0.7995792098496065
paviaU,6,10.0,1,0.8342814099067508
paviaU,6,1.0,2,0.8101768877113691
paviaU,6,3.0,2,0.7788513987376295
paviaU,6,5.0,2,0.8025143510221044
paviaU,6,10.0,2,0.8292163432816437
paviaU,6,1.0,3,0.8162809423621393
paviaU,6,3.0,3,0.7837865918595288
paviaU,6,5.0,3,0.7972414867918647
paviaU,6,10.0,3,0.8254240369879737
paviaU,6,1.0,4,0.8060469103093587
paviaU,6,3.0,4,0.7907478116314709
paviaU,6,5.0,4,0.8083067092651757
paviaU,6,10.0,4,0.8308008000207797
paviaU,6,1.0,5,0.8142029663108132
paviaU,6,3.0,5,0.7940985480142342
paviaU,6,5.0,5,0.7964882204732591
paviaU,6,10.0,5,0.8239694537520456
paviaU,6,1.0,6,0.8165926387698382
paviaU,6,3.0,6,0.7814748435024287
paviaU,6,5.0,6,0.8149302579287774
paviaU,6,10.0,6,0.8280474817527728
paviaU,6,1.0,7,0.8124886360684693
paviaU,6,3.0,7,0.786410036624328
paviaU,6,5.0,7,0.8058650874048676
paviaU,6,10.0,7,0.8303852048105146
paviaU,6,1.0,8,0.8203589703628665
paviaU,6,3.0,8,0.7970596638873737
paviaU,6,5.0,8,0.8224888958154757
paviaU,6,10.0,8,0.8292423179822852
paviaU,6,1.0,9,0.805787163302943
paviaU,6,3.0,9,0.7922803189693238
paviaU,6,5.0,9,0.7991376399386997
paviaU,6,10.0,9,0.8280474817527728
paviaU,8,1.0,0,0.82602145510273
paviaU,8,3.0,0,0.8407231356658614
paviaU,8,5.0,0,0.7989298423335671
paviaU,8,10.0,0,0.8624120107015767
paviaU,8,1.0,1,0.8161510688589314
paviaU,8,3.0,1,0.8346450557157329
paviaU,8,5.0,1,0.8020208317099146
paviaU,8,10.0,1,0.8624120107015767
paviaU,8,1.0,2,0.8426192888126964
paviaU,8,3.0,2,0.8040468583599574
paviaU,8,5.0,2,0.8361775630535858
paviaU,8,10.0,2,0.8539182835917816
paviaU,8,1.0,3,0.8295799890906257
paviaU,8,3.0,3,0.8295280396893426
paviaU,8,5.0,3,0.8426712382139796
paviaU,8,10.0,3,0.8605937816566664
paviaU,8,1.0,4,0.8188264630250136
paviaU,8,3.0,4,0.8354502714356217
paviaU,8,5.0,4,0.8290604950777942
paviaU,8,10.0,4,0.853710485986649
paviaU,8,1.0,5,0.8368269305696252
paviaU,8,3.0,5,0.8145666121197953
paviaU,8,5.0,5,0.8174238291903686
paviaU,8,10.0,5,0.8552949427257851
paviaU,8,1.0,6,0.8200732486558092
paviaU,8,3.0,6,0.815319878438401
paviaU,8,5.0,6,0.8193459570378452
paviaU,8,10.0,6,0.8516065352346814
paviaU,8,1.0,7,0.8197096028468271
paviaU,8,3.0,7,0.8223849970129095
paviaU,8,5.0,7,0.8187225642224474
paviaU,8,10.0,7,0.8609314527650069
paviaU,8,1.0,8,0.8241772513571781
paviaU,8,3.0,8,0.8060469103093587
paviaU,8,5.0,8,0.8168264110756124
paviaU,8,10.0,8,0.863425024026598
paviaU,8,1.0,9,0.8218914777007195
paviaU,8,3.0,9,0.8060469103093587
paviaU,8,5.0,9,0.8306449518169303
paviaU,8,10.0,9,0.8589833502168888
paviaU,10,1.0,0,0.8512169147250578
paviaU,10,3.0,0,0.8414504272838256
paviaU,10,5.0,0,0.8389049066209512
paviaU,10,10.0,0,0.8688797111613289
paviaU,10,1.0,1,0.8470609626224058
paviaU,10,3.0,1,0.8437362009402841
paviaU,10,5.0,1,0.8559962596431077
paviaU,10,10.0,1,0.8692173822696694
paviaU,10,1.0,2,0.8836852905270267
paviaU,10,3.0,2,0.8461258733993091
paviaU,10,5.0,2,0.8583080080002078
paviaU,10,10.0,2,0.87186680173511
paviaU,10,1.0,3,0.8555027403309177
paviaU,10,3.0,3,0.840749110366503
paviaU,10,5.0,3,0.8506454713109431
paviaU,10,10.0,3,0.8622561624977272
paviaU,10,1.0,4,0.8723862957479415
paviaU,10,3.0,4,0.8508272942154341
paviaU,10,5.0,4,0.8664380893010208
paviaU,10,10.0,4,0.8728278656588483
paviaU,10,1.0,5,0.8686978882568378
paviaU,10,3.0,5,0.8363593859580768
paviaU,10,5.0,5,0.8701524714927661
paviaU,10,10.0,5,0.8700745473908413
paviaU,10,1.0,6,0.8469830385204811
paviaU,10,3.0,6,0.8418140730928076
paviaU,10,5.0,6,0.8543079041014052
paviaU,10,10.0,6,0.8711654848177874
paviaU,10,1.0,7,0.8795293384243746
paviaU,10,3.0,7,0.8410608067742019
paviaU,10,5.0,7,0.8416582248889581
paviaU,10,10.0,7,0.8703083196966155
paviaU,10,1.0,8,0.8491129639730902
paviaU,10,3.0,8,0.83641133535936
paviaU,10,5.0,8,0.842645263513338
paviaU,10,10.0,8,0.8752694875191563
paviaU,10,1.0,9,0.8579963115925089
paviaU,10,3.0,9,0.846619392711499
paviaU,10,5.0,9,0.8350866256266396
paviaU,10,10.0,9,0.8704901426011066
paviaU,12,1.0,0,0.8837891893295929
paviaU,12,3.0,0,0.8929063092547859
paviaU,12,5.0,0,0.8871659004129977
paviaU,12,10.0,0,0.8792695914179589
paviaU,12,1.0,1,0.8766201719525183
paviaU,12,3.0,1,0.881711213278267
paviaU,12,5.0,1,0.8878672173303203
paviaU,12,10.0,1,0.8846983038520481
paviaU,12,1.0,2,0.8864905581963168
paviaU,12,3.0,2,0.8856853424764279
paviaU,12,5.0,2,0.8685420400529884
paviaU,12,10.0,2,0.8684641159510637
paviaU,12,1.0,3,0.8843086833424245
paviaU,12,3.0,3,0.8845424556481987
paviaU,12,5.0,3,0.8825424036987973
paviaU,12,10.0,3,0.8711135354165043
paviaU,12,1.0,4,0.8806981999532455
paviaU,12,3.0,4,0.8808800228577366
paviaU,12,5.0,4,0.887269799215564
paviaU,12,10.0,4,0.8879711161328866
paviaU,12,1.0,5,0.8819449855840411
paviaU,12,3.0,5,0.8832437206161199
paviaU,12,5.0,5,0.8858152159796359
paviaU,12,10.0,5,0.8784903503987117
paviaU,12,1.0,6,0.8701784461934077
paviaU,12,3.0,6,0.8846203797501234
paviaU,12,5.0,6,0.8811917192654355
paviaU,12,10.0,6,0.8736071066780955
paviaU,12,1.0,7,0.8809319722590198
paviaU,12,3.0,7,0.8842827086417829
paviaU,12,5.0,7,0.8856593677757864
paviaU,12,10.0,7,0.8755292345255721
paviaU,12,1.0,8,0.884152835138575
paviaU,12,3.0,8,0.877737084080106
paviaU,12,5.0,8,0.8806202758513209
paviaU,12,10.0,8,0.8759448297358373
paviaU,12,1.0,9,0.8782306033922959
paviaU,12,3.0,9,0.8800488324372061
paviaU,12,5.0,9,0.8823346060936648
paviaU,12,10.0,9,0.8783345021948622
paviaU,14,1.0,0,0.8692173822696694
paviaU,14,3.0,0,0.8816332891763422
paviaU,14,5.0,0,0.8806202758513209
paviaU,14,10.0,0,0.887945141432245
paviaU,14,1.0,1,0.8733993090729629
paviaU,14,3.0,1,0.8800748071378477
paviaU,14,5.0,1,0.8924127899425959
paviaU,14,10.0,1,0.8838151640302345
paviaU,14,1.0,2,0.8816592638769838
paviaU,14,3.0,2,0.8936336008727499
paviaU,14,5.0,2,0.8904387126938362
paviaU,14,10.0,2,0.8885425595470012
paviaU,14,1.0,3,0.885010000259747
paviaU,14,3.0,3,0.8876334450245461
paviaU,14,5.0,3,0.8940232213823736
paviaU,14,10.0,3,0.8807761240551703
paviaU,14,1.0,4,0.8650094807657341
paviaU,14,3.0,4,0.8928803345541443
paviaU,14,5.0,4,0.8946206394971298
paviaU,14,10.0,4,0.8912699031143666
paviaU,14,1.0,5,0.8698667497857088
paviaU,14,3.0,5,0.892958258656069
paviaU,14,5.0,5,0.884828177355256
paviaU,14,10.0,5,0.876516273149952
paviaU,14,1.0,6,0.8724642198498662
paviaU,14,3.0,6,0.8953479311150939
paviaU,14,5.0,6,0.8927504610509364
paviaU,14,10.0,6,0.8881529390373776
paviaU,14,1.0,7,0.8866983558014494
paviaU,14,3.0,7,0.894542715395205
paviaU,14,5.0,7,0.8924387646432375
paviaU,14,10.0,7,0.8922049923374633
paviaU,14,1.0,8,0.8816592638769838
paviaU,14,3.0,8,0.8984389204914414
paviaU,14,5.0,8,0.8880230655341698
paviaU,14,10.0,8,0.8800748071378477
paviaU,14,1.0,9,0.865996519390114
paviaU,14,3.0,9,0.8964128938413984
paviaU,14,5.0,9,0.8856593677757864
paviaU,14,10.0,9,0.8833735941193278
paviaU,16,1.0,0,0.8962830203381906
paviaU,16,3.0,0,0.8904646873944778
paviaU,16,5.0,0,0.8935297020701837
paviaU,16,10.0,0,0.8855814436738617
paviaU,16,1.0,1,0.8985687939946492
paviaU,16,3.0,1,0.894490765993922
paviaU,16,5.0,1,0.898335021688875
paviaU,16,10.0,1,0.8861009376866932
paviaU,16,1.0,2,0.897114210758721
paviaU,16,3.0,2,0.8966466661471727
paviaU,16,5.0,2,0.8915815995220655
paviaU,16,10.0,2,0.8905945608976856
paviaU,16,1.0,3,0.8973739577651367
paviaU,16,3.0,3,0.8938673731785242
paviaU,16,5.0,3,0.8946985635990545
paviaU,16,10.0,3,0.8955037793189433
paviaU,16,1.0,4,0.9007246941478999
paviaU,16,3.0,4,0.8941271201849399
paviaU,16,5.0,4,0.8948024624016209
paviaU,16,10.0,4,0.8831657965141951
paviaU,16,1.0,5,0.8983609963895166
paviaU,16,3.0,5,0.89643886854204
paviaU,16,5.0,5,0.8997376555235201
paviaU,16,10.0,5,0.8855814436738617
paviaU,16,1.0,6,0.8947245382996961
paviaU,16,3.0,6,0.8876594197251877
paviaU,16,5.0,6,0.8906465102989688
paviaU,16,10.0,6,0.887399672718772
paviaU,16,1.0,7,0.902984493103717
paviaU,16,3.0,7,0.8976337047715525
paviaU,16,5.0,7,0.8951661082106028
paviaU,16,10.0,7,0.8966986155484558
paviaU,16,1.0,8,0.8971921348606458
paviaU,16,3.0,8,0.8849320761578223
paviaU,16,5.0,8,0.8893218005662484
paviaU,16,10.0,8,0.894490765993922
paviaU,16,1.0,9,0.8930881321592768
paviaU,16,3.0,9,0.8949583106054703
paviaU,16,5.0,9,0.8842307592404998
paviaU,16,10.0,9,0.8795293384243746
paviaU,18,1.0,0,0.8977116288734772
paviaU,18,3.0,0,0.9063871788877633
paviaU,18,5.0,0,0.9075820151172758
paviaU,18,10.0,0,0.8821008337878906
paviaU,18,1.0,1,0.8985428192940076
paviaU,18,3.0,1,0.9103353333852827
paviaU,18,5.0,1,0.9118938154237772
paviaU,18,10.0,1,0.8935297020701837
paviaU,18,1.0,2,0.8961791215356243
paviaU,18,3.0,2,0.9141276396789527
paviaU,18,5.0,2,0.908854775448713
paviaU,18,10.0,2,0.8961531468349827
paviaU,18,1.0,3,0.8915556248214239
paviaU,18,3.0,3,0.9087768513467882
paviaU,18,5.0,3,0.9036858100210395
paviaU,18,10.0,3,0.8973739577651367
paviaU,18,1.0,4,0.899867529026728
paviaU,18,3.0,4,0.9122834359334009
paviaU,18,5.0,4,0.9144653107872932
paviaU,18,10.0,4,0.8819190108833995
paviaU,18,1.0,5,0.8946206394971298
paviaU,18,3.0,5,0.9120756383282682
paviaU,18,5.0,5,0.9056858619704408
paviaU,18,10.0,5,0.8923348658406712
paviaU,18,1.0,6,0.9021792773838282
paviaU,18,3.0,6,0.9120236889269852
paviaU,18,5.0,6,0.9136600950674043
paviaU,18,10.0,6,0.8944128418919972
paviaU,18,1.0,7,0.8992441362113301
paviaU,18,3.0,7,0.913374373360347
paviaU,18,5.0,7,0.901451985765864
paviaU,18,10.0,7,0.895036234707395
paviaU,18,1.0,8,0.8920491441336139
paviaU,18,3.0,8,0.9162575651315619
paviaU,18,5.0,8,0.9091145224551287
paviaU,18,10.0,8,0.8855554689732201
paviaU,18,1.0,9,0.8978674770773267
paviaU,18,3.0,9,0.9110106756019637
paviaU,18,5.0,9,0.9086469778435804
paviaU,18,10.0,9,0.8995038832177459
paviaU,20,1.0,0,0.9163614639341282
paviaU,20,3.0,0,0.9075300657159926
paviaU,20,5.0,0,0.9091664718564119
paviaU,20,10.0,0,0.9097638899711681
paviaU,20,1.0,1,0.9136860697680459
paviaU,20,3.0,1,0.914231538481519
paviaU,20,5.0,1,0.9094262188628276
paviaU,20,10.0,1,0.9076339645185589
paviaU,20,1.0,2,0.9161536663289955
paviaU,20,3.0,2,0.9113223720096626
paviaU,20,5.0,2,0.9135821709654797
paviaU,20,10.0,2,0.9041014052313047
paviaU,20,1.0,3,0.9158939193225798
paviaU,20,3.0,3,0.9136081456661213
paviaU,20,5.0,3,0.9117899166212109
paviaU,20,10.0,3,0.9087508766461466
paviaU,20,1.0,4,0.9176082495649238
paviaU,20,3.0,4,0.915088703602691
paviaU,20,5.0,4,0.9142575131821605
paviaU,20,10.0,4,0.8993740097145381
paviaU,20,1.0,5,0.9151666277046157
paviaU,20,3.0,5,0.9090106236525624
paviaU,20,5.0,5,0.9083612561365231
paviaU,20,10.0,5,0.9118158913218525
paviaU,20,1.0,6,0.9183615158835294
paviaU,20,3.0,6,0.9122834359334009
paviaU,20,5.0,6,0.9082833320345983
paviaU,20,10.0,6,0.9036078859191148
paviaU,20,1.0,7,0.9181017688771137
paviaU,20,3.0,7,0.9136081456661213
paviaU,20,5.0,7,0.9115041949141536
paviaU,20,10.0,7,0.9083352814358815
paviaU,20,1.0,8,0.9117379672199278
paviaU,20,3.0,8,0.9138159432712538
paviaU,20,5.0,8,0.9114002961115873
paviaU,20,10.0,8,0.90732226811086
paviaU,20,1.0,9,0.9137899685706122
paviaU,20,3.0,9,0.912699031143666
paviaU,20,5.0,9,0.9059975583781397
paviaU,20,10.0,9,0.907504091015351
paviaU,22,1.0,0,0.9146731083924258
paviaU,22,3.0,0,0.914231538481519
paviaU,22,5.0,0,0.9043611522377205
paviaU,22,10.0,0,0.9078677368243331
paviaU,22,1.0,1,0.9175303254629991
paviaU,22,3.0,1,0.9072183693082937
paviaU,22,5.0,1,0.9072703187095769
paviaU,22,10.0,1,0.9134263227616302
paviaU,22,1.0,2,0.9112444479077378
paviaU,22,3.0,2,0.9105691056910569
paviaU,22,5.0,2,0.9076599392192005
paviaU,22,10.0,2,0.9087508766461466
paviaU,22,1.0,3,0.9099457128756591
paviaU,22,3.0,3,0.9059456089768565
paviaU,22,5.0,3,0.9049585703524767
paviaU,22,10.0,3,0.9078157874230499
paviaU,22,1.0,4,0.916984856749526
paviaU,22,3.0,4,0.9169329073482428
paviaU,22,5.0,4,0.9055040390659498
paviaU,22,10.0,4,0.9119977142263436
paviaU,22,1.0,5,0.9193745292085509
paviaU,22,3.0,5,0.8986207433959323
paviaU,22,5.0,5,0.9054780643653082
paviaU,22,10.0,5,0.9141536143795943
paviaU,22,1.0,6,0.9080755344294656
paviaU,22,3.0,6,0.9026727966960181
paviaU,22,5.0,6,0.9033221642120575
paviaU,22,10.0,6,0.9054780643653082
paviaU,22,1.0,7,0.9159978181251461
paviaU,22,3.0,7,0.9153224759084652
paviaU,22,5.0,7,0.9118678407231356
paviaU,22,10.0,7,0.9139458167744616
paviaU,22,1.0,8,0.9084651549390893
paviaU,22,3.0,8,0.9144912854879348
paviaU,22,5.0,8,0.9116340684173615
paviaU,22,10.0,8,0.9136081456661213
paviaU,22,1.0,9,0.9210888594508948
paviaU,22,3.0,9,0.9024649990908855
paviaU,22,5.0,9,0.9074001922127848
paviaU,22,10.0,9,0.9122574612327593
paviaU,24,1.0,0,0.9117379672199278
paviaU,24,3.0,0,0.9117119925192863
paviaU,24,5.0,0,0.9245694693368659
paviaU,24,10.0,0,0.9144912854879348
paviaU,24,1.0,1,0.9141795890802359
paviaU,24,3.0,1,0.9128289046468739
paviaU,24,5.0,1,0.9158679446219382
paviaU,24,10.0,1,0.9131665757552144
paviaU,24,1.0,2,0.9145172601885764
paviaU,24,3.0,2,0.9165432868386192
paviaU,24,5.0,2,0.9108288526974727
paviaU,24,10.0,2,0.9102314345827164
paviaU,24,1.0,3,0.9129847528507234
paviaU,24,3.0,3,0.9131146263539313
paviaU,24,5.0,3,0.9198680485207408
paviaU,24,10.0,3,0.9160497675264293
paviaU,24,1.0,4,0.9109327515000389
paviaU,24,3.0,4,0.9093742694615444
paviaU,24,5.0,4,0.921686277565651
paviaU,24,10.0,4,0.9155042988129561
paviaU,24,1.0,5,0.9144393360866516
paviaU,24,3.0,5,0.910750928595548
paviaU,24,5.0,5,0.911296397309021
paviaU,24,10.0,5,0.9194005039091925
paviaU,24,1.0,6,0.9096599911686017
paviaU,24,3.0,6,0.9109847009013221
paviaU,24,5.0,6,0.9154783241123146
paviaU,24,10.0,6,0.9115561443154367
paviaU,24,1.0,7,0.9123873347359671
paviaU,24,3.0,7,0.9165692615392608
paviaU,24,5.0,7,0.9029325437024338
paviaU,24,10.0,7,0.9109327515000389
paviaU,24,1.0,8,0.9193225798072677
paviaU,24,3.0,8,0.9217901763682174
paviaU,24,5.0,8,0.9118418660224941
paviaU,24,10.0,8,0.9159198940232214
paviaU,24,1.0,9,0.917348502558508
paviaU,24,3.0,9,0.905244292059534
paviaU,24,5.0,9,0.9168030338450349
paviaU,24,10.0,9,0.9182576170809631
paviaU,26,1.0,0,0.9221018727759163
paviaU,26,3.0,0,0.924075950024676
paviaU,26,5.0,0,0.9238162030182602
paviaU,26,10.0,0,0.915270526507182
paviaU,26,1.0,1,0.9204135172342138
paviaU,26,3.0,1,0.9119977142263436
paviaU,26,5.0,1,0.9149328553988415
paviaU,26,10.0,1,0.9164653627366944
paviaU,26,1.0,2,0.9113223720096626
paviaU,26,3.0,2,0.9244915452349411
paviaU,26,5.0,2,0.9208550871451207
paviaU,26,10.0,2,0.9115041949141536
paviaU,26,1.0,3,0.9209849606483286
paviaU,26,3.0,3,0.9131146263539313
paviaU,26,5.0,3,0.9099197381750175
paviaU,26,10.0,3,0.9212447076547443
paviaU,26,1.0,4,0.9209849606483286
paviaU,26,3.0,4,0.9184654146860958
paviaU,26,5.0,4,0.9154523494116731
paviaU,26,10.0,4,0.919738175017533
paviaU,26,1.0,5,0.9202316943297228
paviaU,26,3.0,5,0.9206992389412711
paviaU,26,5.0,5,0.9249590898464896
paviaU,26,10.0,5,0.9110885997038884
paviaU,26,1.0,6,0.9068806981999532
paviaU,26,3.0,6,0.9218681004701421
paviaU,26,5.0,6,0.9147510324943505
paviaU,26,10.0,6,0.9027247460973012
paviaU,26,1.0,7,0.9199459726226655
paviaU,26,3.0,7,0.9200758461258735
paviaU,26,5.0,7,0.9085430790410141
paviaU,26,10.0,7,0.9118158913218525
paviaU,26,1.0,8,0.9206732642406297
paviaU,26,3.0,8,0.9190888075014936
paviaU,26,5.0,8,0.9149848048001247
paviaU,26,10.0,8,0.9165432868386192
paviaU,26,1.0,9,0.9208291124444791
paviaU,26,3.0,9,0.9133224239590638
paviaU,26,5.0,9,0.9194524533104756
paviaU,26,10.0,9,0.9163354892334866
paviaU,28,1.0,0,0.9200498714252319
paviaU,28,3.0,0,0.9173744772591496
paviaU,28,5.0,0,0.9209330112470454
paviaU,28,10.0,0,0.9195044027117587
paviaU,28,1.0,1,0.913867892672537
paviaU,28,3.0,1,0.9247512922413569
paviaU,28,5.0,1,0.921322631756669
paviaU,28,10.0,1,0.9134263227616302
paviaU,28,1.0,2,0.9138419179718954
paviaU,28,3.0,2,0.9203096184316476
paviaU,28,5.0,2,0.9208031377438375
paviaU,28,10.0,2,0.9138938673731786
paviaU,28,1.0,3,0.9145692095898594
paviaU,28,3.0,3,0.9183355411828878
paviaU,28,5.0,3,0.9236343801137692
paviaU,28,10.0,3,0.9243097223304502
paviaU,28,1.0,4,0.9184394399854542
paviaU,28,3.0,4,0.9227512402919557
paviaU,28,5.0,4,0.925660406763812
paviaU,28,10.0,4,0.9179199459726227
paviaU,28,1.0,5,0.912517208239175
paviaU,28,3.0,5,0.9226213667887477
paviaU,28,5.0,5,0.9202316943297228
paviaU,28,10.0,5,0.9226992908906725
paviaU,28,1.0,6,0.9183095664822463
paviaU,28,3.0,6,0.9198420738200992
paviaU,28,5.0,6,0.918023844775189
paviaU,28,10.0,6,0.9218940751707837
paviaU,28,1.0,7,0.9164653627366944
paviaU,28,3.0,7,0.9283358009298943
paviaU,28,5.0,7,0.9220758980752747
paviaU,28,10.0,7,0.927374737006156
paviaU,28,1.0,8,0.9175303254629991
paviaU,28,3.0,8,0.9184134652848126
paviaU,28,5.0,8,0.9224655185848983
paviaU,28,10.0,8,0.9186991869918699
paviaU,28,1.0,9,0.9152965012078236
paviaU,28,3.0,9,0.9208810618457622
paviaU,28,5.0,9,0.9146471336917842
paviaU,28,10.0,9,0.918569313488662
paviaU,30,1.0,0,0.9140756902776696
paviaU,30,3.0,0,0.9204135172342138
paviaU,30,5.0,0,0.922179796877841
paviaU,30,10.0,0,0.92150445466116
paviaU,30,1.0,1,0.9227772149925972
paviaU,30,3.0,1,0.9229330631964466
paviaU,30,5.0,1,0.9124912335385335
paviaU,30,10.0,1,0.927556559910647
paviaU,30,1.0,2,0.9251928621522637
paviaU,30,3.0,2,0.9205693654380633
paviaU,30,5.0,2,0.9116340684173615
paviaU,30,10.0,2,0.9210888594508948
paviaU,30,1.0,3,0.9232447596041455
paviaU,30,3.0,3,0.9204135172342138
paviaU,30,5.0,3,0.9278163069170627
paviaU,30,10.0,3,0.9245175199355827
paviaU,30,1.0,4,0.9245694693368659
paviaU,30,3.0,4,0.9287513961401594
paviaU,30,5.0,4,0.9265175718849841
paviaU,30,10.0,4,0.9213745811579521
paviaU,30,1.0,5,0.91771214836749
paviaU,30,3.0,5,0.9238162030182602
paviaU,30,5.0,5,0.9272708382035897
paviaU,30,10.0,5,0.9168809579469597
paviaU,30,1.0,6,0.9191667316034182
paviaU,30,3.0,6,0.9213745811579521
paviaU,30,5.0,6,0.927556559910647
paviaU,30,10.0,6,0.9229330631964466
paviaU,30,1.0,7,0.9195303774124003
paviaU,30,3.0,7,0.9222836956804072
paviaU,30,5.0,7,0.9262578248785682
paviaU,30,10.0,7,0.9172186290553002
paviaU,30,1.0,8,0.9224914932855399
paviaU,30,3.0,8,0.9246993428400738
paviaU,30,5.0,8,0.9220758980752747
paviaU,30,10.0,8,0.9250629886490558
paviaU,30,1.0,9,0.9221018727759163
paviaU,30,3.0,9,0.9242837476298086
paviaU,30,5.0,9,0.9203615678329308
paviaU,30,10.0,9,0.9282578768279696
paviaU,32,1.0,0,0.923712304215694
paviaU,32,3.0,0,0.9272188888023065
paviaU,32,5.0,0,0.9250110392477726
paviaU,32,10.0,0,0.9279461804202707
paviaU,32,1.0,1,0.9271929141016649
paviaU,32,3.0,1,0.9277643575157797
paviaU,32,5.0,1,0.9236863295150524
paviaU,32,10.0,1,0.9228811137951635
paviaU,32,1.0,2,0.9244655705342996
paviaU,32,3.0,2,0.9266474453881919
paviaU,32,5.0,2,0.9258941790695863
paviaU,32,10.0,2,0.92150445466116
paviaU,32,1.0,3,0.9231408608015793
paviaU,32,3.0,3,0.92480324164264
paviaU,32,5.0,3,0.9277643575157797
paviaU,32,10.0,3,0.9256863814644536
paviaU,32,1.0,4,0.9233226837060703
paviaU,32,3.0,4,0.9255305332606042
paviaU,32,5.0,4,0.9199719473233071
paviaU,32,10.0,4,0.9202057196290813
paviaU,32,1.0,5,0.9221278474765578
paviaU,32,3.0,5,0.9275046105093638
paviaU,32,5.0,5,0.9227772149925972
paviaU,32,10.0,5,0.9231408608015793
paviaU,32,1.0,6,0.919608301514325
paviaU,32,3.0,6,0.9276085093119302
paviaU,32,5.0,6,0.9239980259227513
paviaU,32,10.0,6,0.9257902802670199
paviaU,32,1.0,7,0.9245694693368659
paviaU,32,3.0,7,0.9226992908906725
paviaU,32,5.0,7,0.917348502558508
paviaU,32,10.0,7,0.9211927582534611
paviaU,32,1.0,8,0.9226733161900309
paviaU,32,3.0,8,0.9276344840125718
paviaU,32,5.0,8,0.9207252136419127
paviaU,32,10.0,8,0.923218784903504
paviaU,32,1.0,9,0.9223096703810488
paviaU,32,3.0,9,0.9232707343047871
paviaU,32,5.0,9,0.9266734200888335
paviaU,32,10.0,9,0.9237642536169771
paviaU,34,1.0,0,0.9262318501779268
paviaU,34,3.0,0,0.9230629366996546
paviaU,34,5.0,0,0.9172965531572249
paviaU,34,10.0,0,0.9187511363931531
paviaU,34,1.0,1,0.9266474453881919
paviaU,34,3.0,1,0.9270890152990987
paviaU,34,5.0,1,0.9194524533104756
paviaU,34,10.0,1,0.9270370658978155
paviaU,34,1.0,2,0.9199719473233071
paviaU,34,3.0,2,0.9255045585599626
paviaU,34,5.0,2,0.9223096703810488
paviaU,34,10.0,2,0.9260240525727941
paviaU,34,1.0,3,0.9274786358087223
paviaU,34,3.0,3,0.9265695212862671
paviaU,34,5.0,3,0.9141016649783111
paviaU,34,10.0,3,0.9206213148393465
paviaU,34,1.0,4,0.9279721551209122
paviaU,34,3.0,4,0.9266474453881919
paviaU,34,5.0,4,0.92150445466116
paviaU,34,10.0,4,0.914595184290501
paviaU,34,1.0,5,0.9239720512221097
paviaU,34,3.0,5,0.9266474453881919
paviaU,34,5.0,5,0.9246473934387907
paviaU,34,10.0,5,0.9267253694901166
paviaU,34,1.0,6,0.9255045585599626
paviaU,34,3.0,6,0.9263097742798514
paviaU,34,5.0,6,0.9234785319099197
paviaU,34,10.0,6,0.9255305332606042
paviaU,34,1.0,7,0.9225953920881061
paviaU,34,3.0,7,0.9282838515286111
paviaU,34,5.0,7,0.9233746331073535
paviaU,34,10.0,7,0.9240499753240344
paviaU,34,1.0,8,0.9214265305592353
paviaU,34,3.0,8,0.9262058754772852
paviaU,34,5.0,8,0.9272188888023065
paviaU,34,10.0,8,0.9283877503311775
paviaU,34,1.0,9,0.919738175017533
paviaU,34,3.0,9,0.928907244344009
paviaU,34,5.0,9,0.9195044027117587
paviaU,34,10.0,9,0.9215304293618016
paviaU,36,1.0,0,0.9208291124444791
paviaU,36,3.0,0,0.9285695732356685
paviaU,36,5.0,0,0.9245694693368659
paviaU,36,10.0,0,0.9263097742798514
paviaU,36,1.0,1,0.9295046624587652
paviaU,36,3.0,1,0.930309878178654
paviaU,36,5.0,1,0.9187511363931531
paviaU,36,10.0,1,0.9252707862541885
paviaU,36,1.0,2,0.9315566638094496
paviaU,36,3.0,2,0.9297124600638977
paviaU,36,5.0,2,0.9299462323696719
paviaU,36,10.0,2,0.928413725031819
paviaU,36,1.0,3,0.9262058754772852
paviaU,36,3.0,3,0.9274007117067976
paviaU,36,5.0,3,0.9259721031715109
paviaU,36,10.0,3,0.9245954440375075
paviaU,36,1.0,4,0.9262837995792098
paviaU,36,3.0,4,0.929452713057482
paviaU,36,5.0,4,0.926153926076002
paviaU,36,10.0,4,0.9269331670952492
paviaU,36,1.0,5,0.926829268292683
paviaU,36,3.0,5,0.9317644614145822
paviaU,36,5.0,5,0.922361619782332
paviaU,36,10.0,5,0.9240240006233928
paviaU,36,1.0,6,0.9253746850567547
paviaU,36,3.0,6,0.9271149899997403
paviaU,36,5.0,6,0.9311150938985429
paviaU,36,10.0,6,0.9242837476298086
paviaU,36,1.0,7,0.9217642016675758
paviaU,36,3.0,7,0.9274007117067976
paviaU,36,5.0,7,0.9273227876048729
paviaU,36,10.0,7,0.9192186810047014
paviaU,36,1.0,8,0.9245694693368659
paviaU,36,3.0,8,0.9225174679861815
paviaU,36,5.0,8,0.9285695732356685
paviaU,36,10.0,8,0.9315826385100912
paviaU,36,1.0,9,0.9309852203953349
paviaU,36,3.0,9,0.9277124081144965
paviaU,36,5.0,9,0.923218784903504
paviaU,36,10.0,9,0.9232447596041455
paviaU,38,1.0,0,0.9242317982285254
paviaU,38,3.0,0,0.9296605106626146
paviaU,38,5.0,0,0.9244136211330164
paviaU,38,10.0,0,0.9278942310189875
paviaU,38,1.0,1,0.923582430712486
paviaU,38,3.0,1,0.9327255253383204
paviaU,38,5.0,1,0.9276864334138549
paviaU,38,10.0,1,0.9282578768279696
paviaU,38,1.0,2,0.9286994467388764
paviaU,38,3.0,2,0.924439595833658
paviaU,38,5.0,2,0.9275046105093638
paviaU,38,10.0,2,0.926153926076002
paviaU,38,1.0,3,0.9278682563183459
paviaU,38,3.0,3,0.9229850125977298
paviaU,38,5.0,3,0.9310891191979013
paviaU,38,10.0,3,0.9310631444972597
paviaU,38,1.0,4,0.9276864334138549
paviaU,38,3.0,4,0.9247253175407153
paviaU,38,5.0,4,0.9216083534637264
paviaU,38,10.0,4,0.924439595833658
paviaU,38,1.0,5,0.9265175718849841
paviaU,38,3.0,5,0.9229850125977298
paviaU,38,5.0,5,0.918569313488662
paviaU,38,10.0,5,0.9263876983817761
paviaU,38,1.0,6,0.9258682043689447
paviaU,38,3.0,6,0.9272968129042313
paviaU,38,5.0,6,0.9271929141016649
paviaU,38,10.0,6,0.9292189407517079
paviaU,38,1.0,7,0.9240240006233928
paviaU,38,3.0,7,0.9156341723161641
paviaU,38,5.0,7,0.9215564040624432
paviaU,38,10.0,7,0.9257643055663783
paviaU,38,1.0,8,0.9190888075014936
paviaU,38,3.0,8,0.9267513441907582
paviaU,38,5.0,8,0.9210369100496116
paviaU,38,10.0,8,0.9267253694901166
paviaU,38,1.0,9,0.9274786358087223
paviaU,38,3.0,9,0.92859554793631
paviaU,38,5.0,9,0.9241278994259591
paviaU,38,10.0,9,0.9285435985350269
paviaU,40,1.0,0,0.9316086132107327
paviaU,40,3.0,0,0.9253227356554715
paviaU,40,5.0,0,0.9154523494116731
paviaU,40,10.0,0,0.9280241045221954
paviaU,40,1.0,1,0.9212187329541027
paviaU,40,3.0,1,0.9222317462791242
paviaU,40,5.0,1,0.9206213148393465
paviaU,40,10.0,1,0.9260760019740772
paviaU,40,1.0,2,0.9231408608015793
paviaU,40,3.0,2,0.9241538741266007
paviaU,40,5.0,2,0.9166212109405439
paviaU,40,10.0,2,0.9279721551209122
paviaU,40,1.0,3,0.9327255253383204
paviaU,40,3.0,3,0.9283358009298943
paviaU,40,5.0,3,0.9246473934387907
paviaU,40,10.0,3,0.9289332190446505
paviaU,40,1.0,4,0.9187771110937947
paviaU,40,3.0,4,0.9272448635029481
paviaU,40,5.0,4,0.9336086651601341
paviaU,40,10.0,4,0.9292449154523494
paviaU,40,1.0,5,0.9253746850567547
paviaU,40,3.0,5,0.9196602509156082
paviaU,40,5.0,5,0.9224655185848983
paviaU,40,10.0,5,0.930309878178654
paviaU,40,1.0,6,0.9196342762149666
paviaU,40,3.0,6,0.9210888594508948
paviaU,40,5.0,6,0.9317904361152237
paviaU,40,10.0,6,0.933426842255643
paviaU,40,1.0,7,0.9246473934387907
paviaU,40,3.0,7,0.9219460245720668
paviaU,40,5.0,7,0.9269071923946076
paviaU,40,10.0,7,0.9202576690303644
paviaU,40,1.0,8,0.9237642536169771
paviaU,40,3.0,8,0.9274786358087223
paviaU,40,5.0,8,0.9259201537702278
paviaU,40,10.0,8,0.9267513441907582
paviaU,40,1.0,9,0.9189069845970025
paviaU,40,3.0,9,0.9237902283176186
paviaU,40,5.0,9,0.9234525572092782
paviaU,40,10.0,9,0.9303618275799371
paviaU,42,1.0,0,0.9242837476298086
paviaU,42,3.0,0,0.9306475492869944
paviaU,42,5.0,0,0.9259721031715109
paviaU,42,10.0,0,0.9278942310189875
paviaU,42,1.0,1,0.9216083534637264
paviaU,42,3.0,1,0.9291929660510663
paviaU,42,5.0,1,0.9206732642406297
paviaU,42,10.0,1,0.9297124600638977
paviaU,42,1.0,2,0.9247253175407153
paviaU,42,3.0,2,0.9272968129042313
paviaU,42,5.0,2,0.9274266864074392
paviaU,42,10.0,2,0.9223356450816904
paviaU,42,1.0,3,0.9299981817709551
paviaU,42,3.0,3,0.9280760539234786
paviaU,42,5.0,3,0.9311930180004675
paviaU,42,10.0,3,0.9268552429933246
paviaU,42,1.0,4,0.9242837476298086
paviaU,42,3.0,4,0.9280760539234786
paviaU,42,5.0,4,0.9273227876048729
paviaU,42,10.0,4,0.9282059274266864
paviaU,42,1.0,5,0.9337645133639835
paviaU,42,3.0,5,0.9265175718849841
paviaU,42,5.0,5,0.9264656224837009
paviaU,42,10.0,5,0.9301800046754461
paviaU,42,1.0,6,0.9274266864074392
paviaU,42,3.0,6,0.9285176238343853
paviaU,42,5.0,6,0.9266734200888335
paviaU,42,10.0,6,0.930491701083145
paviaU,42,1.0,7,0.9246214187381491
paviaU,42,3.0,7,0.9292968648536326
paviaU,42,5.0,7,0.9225174679861815
paviaU,42,10.0,7,0.9266734200888335
paviaU,42,1.0,8,0.9225434426868231
paviaU,42,3.0,8,0.9327774747396036
paviaU,42,5.0,8,0.9269331670952492
paviaU,42,10.0,8,0.9272708382035897
paviaU,42,1.0,9,0.9239720512221097
paviaU,42,3.0,9,0.9333229434530768
paviaU,42,5.0,9,0.9238941271201849
paviaU,42,10.0,9,0.9277124081144965
paviaU,44,1.0,0,0.9291150419491415
paviaU,44,3.0,0,0.9293228395542741
paviaU,44,5.0,0,0.9279721551209122
paviaU,44,10.0,0,0.9275825346112886
paviaU,44,1.0,1,0.9278942310189875
paviaU,44,3.0,1,0.9225694173874646
paviaU,44,5.0,1,0.9243876464323749
paviaU,44,10.0,1,0.9272188888023065
paviaU,44,1.0,2,0.9243356970310918
paviaU,44,3.0,2,0.9269331670952492
paviaU,44,5.0,2,0.9297903841658225
paviaU,44,10.0,2,0.9274526611080808
paviaU,44,1.0,3,0.9319462843190732
paviaU,44,3.0,3,0.9346736278864386
paviaU,44,5.0,3,0.929452713057482
paviaU,44,10.0,3,0.9300501311722382
paviaU,44,1.0,4,0.9261279513753604
paviaU,44,3.0,4,0.9300241564715966
paviaU,44,5.0,4,0.9295825865606899
paviaU,44,10.0,4,0.9265954959869087
paviaU,44,1.0,5,0.9304657263825035
paviaU,44,3.0,5,0.9321281072235642
paviaU,44,5.0,5,0.9300501311722382
paviaU,44,10.0,5,0.9265954959869087
paviaU,44,1.0,6,0.9291410166497831
paviaU,44,3.0,6,0.9277903322164212
paviaU,44,5.0,6,0.9218421257695005
paviaU,44,10.0,6,0.9272708382035897
paviaU,44,1.0,7,0.9311410685991844
paviaU,44,3.0,7,0.931167043299826
paviaU,44,5.0,7,0.9295046624587652
paviaU,44,10.0,7,0.9295825865606899
paviaU,44,1.0,8,0.927556559910647
paviaU,44,3.0,8,0.9257643055663783
paviaU,44,5.0,8,0.9265435465856257
paviaU,44,10.0,8,0.9251409127509805
paviaU,44,1.0,9,0.9353749448037612
paviaU,44,3.0,9,0.9269851164965324
paviaU,44,5.0,9,0.9266474453881919
paviaU,44,10.0,9,0.9311150938985429
paviaU,46,1.0,0,0.9319982337203564
paviaU,46,3.0,0,0.9278942310189875
paviaU,46,5.0,0,0.9306475492869944
paviaU,46,10.0,0,0.9330631964466609
paviaU,46,1.0,1,0.927556559910647
paviaU,46,3.0,1,0.9224914932855399
paviaU,46,5.0,1,0.9255045585599626
paviaU,46,10.0,1,0.9283877503311775
paviaU,46,1.0,2,0.9259201537702278
paviaU,46,3.0,2,0.9325956518351126
paviaU,46,5.0,2,0.9283098262292527
paviaU,46,10.0,2,0.9323359048286969
paviaU,46,1.0,3,0.9284916491337437
paviaU,46,3.0,3,0.9331670952492273
paviaU,46,5.0,3,0.9265435465856257
paviaU,46,10.0,3,0.9310631444972597
paviaU,46,1.0,4,0.9238941271201849
paviaU,46,3.0,4,0.9261279513753604
paviaU,46,5.0,4,0.9294267383568404
paviaU,46,10.0,4,0.9306994986882776
paviaU,46,1.0,5,0.9260760019740772
paviaU,46,3.0,5,0.9309852203953349
paviaU,46,5.0,5,0.9266734200888335
paviaU,46,10.0,5,0.9205693654380633
paviaU,46,1.0,6,0.9317384867139407
paviaU,46,3.0,6,0.9323359048286969
paviaU,46,5.0,6,0.9276604587132133
paviaU,46,10.0,6,0.930491701083145
paviaU,46,1.0,7,0.9252188368529053
paviaU,46,3.0,7,0.9350372736954207
paviaU,46,5.0,7,0.92480324164264
paviaU,46,10.0,7,0.9276085093119302
paviaU,46,1.0,8,0.9288552949427258
paviaU,46,3.0,8,0.9305955998857113
paviaU,46,5.0,8,0.9273227876048729
paviaU,46,10.0,8,0.9281799527260448
paviaU,46,1.0,9,0.9325437024338294
paviaU,46,3.0,9,0.9293488142549157
paviaU,46,5.0,9,0.91771214836749
paviaU,46,10.0,9,0.9321021325229226
paviaU,48,1.0,0,0.9255045585599626
paviaU,48,3.0,0,0.9316865373126575
paviaU,48,5.0,0,0.9289851684459337
paviaU,48,10.0,0,0.931348866204317
paviaU,48,1.0,1,0.9314787397075248
paviaU,48,3.0,1,0.9354009195044027
paviaU,48,5.0,1,0.9290111431465753
paviaU,48,10.0,1,0.9303358528792955
paviaU,48,1.0,2,0.9281539780254032
paviaU,48,3.0,2,0.9315047144081664
paviaU,48,5.0,2,0.9272448635029481
paviaU,48,10.0,2,0.9319722590197148
paviaU,48,1.0,3,0.9259461284708693
paviaU,48,3.0,3,0.9306475492869944
paviaU,48,5.0,3,0.9350112989947791
paviaU,48,10.0,3,0.9313228915036754
paviaU,48,1.0,4,0.9225694173874646
paviaU,48,3.0,4,0.9208291124444791
paviaU,48,5.0,4,0.931530689108808
paviaU,48,10.0,4,0.932569677134471
paviaU,48,1.0,5,0.9281539780254032
paviaU,48,3.0,5,0.9302319540767293
paviaU,48,5.0,5,0.934647653185797
paviaU,48,10.0,5,0.9285695732356685
paviaU,48,1.0,6,0.9278163069170627
paviaU,48,3.0,6,0.9330372217460193
paviaU,48,5.0,6,0.9317644614145822
paviaU,48,10.0,6,0.933245019351152
paviaU,48,1.0,7,0.9261799007766436
paviaU,48,3.0,7,0.9299981817709551
paviaU,48,5.0,7,0.9311930180004675
paviaU,48,10.0,7,0.9304657263825035
paviaU,48,1.0,8,0.9279721551209122
paviaU,48,3.0,8,0.9251668874516221
paviaU,48,5.0,8,0.9289591937452921
paviaU,48,10.0,8,0.9338164627652666
paviaU,48,1.0,9,0.9253487103561131
paviaU,48,3.0,9,0.933245019351152
paviaU,48,5.0,9,0.93238785422998
paviaU,48,10.0,9,0.9299202576690304
paviaU,50,1.0,0,0.9315566638094496
paviaU,50,3.0,0,0.9334008675550014
paviaU,50,5.0,0,0.9313228915036754
paviaU,50,10.0,0,0.9326735759370374
paviaU,50,1.0,1,0.9304397516818619
paviaU,50,3.0,1,0.9318943349177901
paviaU,50,5.0,1,0.9325177277331879
paviaU,50,10.0,1,0.9307254733889192
paviaU,50,1.0,2,0.9285695732356685
paviaU,50,3.0,2,0.9365697810332736
paviaU,50,5.0,2,0.9326216265357542
paviaU,50,10.0,2,0.9308293721914855
paviaU,50,1.0,3,0.9274007117067976
paviaU,50,3.0,3,0.9328813735421699
paviaU,50,5.0,3,0.9315566638094496
paviaU,50,10.0,3,0.9291669913504247
paviaU,50,1.0,4,0.9236343801137692
paviaU,50,3.0,4,0.9350632483960623
paviaU,50,5.0,4,0.9310891191979013
paviaU,50,10.0,4,0.9284396997324605
paviaU,50,1.0,5,0.9274266864074392
paviaU,50,3.0,5,0.9365697810332736
paviaU,50,5.0,5,0.9311410685991844
paviaU,50,10.0,5,0.9320501831216396
paviaU,50,1.0,6,0.9310111950959765
paviaU,50,3.0,6,0.9298942829683888
paviaU,50,5.0,6,0.9294007636561988
paviaU,50,10.0,6,0.935868464115951
paviaU,50,1.0,7,0.9251928621522637
paviaU,50,3.0,7,0.935141172497987
paviaU,50,5.0,7,0.927374737006156
paviaU,50,10.0,7,0.9273227876048729
paviaU,50,1.0,8,0.9246993428400738
paviaU,50,3.0,8,0.9271149899997403
paviaU,50,5.0,8,0.9318943349177901
paviaU,50,10.0,8,0.9360762617210837
paviaU,50,1.0,9,0.9336606145614171
paviaU,50,3.0,9,0.9331411205485857
paviaU,50,5.0,9,0.9316345879113743
paviaU,50,10.0,9,0.9353489701031196
paviaU,52,1.0,0,0.9258422296683031
paviaU,52,3.0,0,0.9350112989947791
paviaU,52,5.0,0,0.9201537702277981
paviaU,52,10.0,0,0.9317904361152237
paviaU,52,1.0,1,0.9300761058728798
paviaU,52,3.0,1,0.9299722070703135
paviaU,52,5.0,1,0.9314787397075248
paviaU,52,10.0,1,0.9342840073768149
paviaU,52,1.0,2,0.9288552949427258
paviaU,52,3.0,2,0.9312449674017507
paviaU,52,5.0,2,0.9355567677082521
paviaU,52,10.0,2,0.9355827424088937
paviaU,52,1.0,3,0.9199719473233071
paviaU,52,3.0,3,0.9310891191979013
paviaU,52,5.0,3,0.9325956518351126
paviaU,52,10.0,3,0.9308293721914855
paviaU,52,1.0,4,0.9302839034780124
paviaU,52,3.0,4,0.933920361567833
paviaU,52,5.0,4,0.9279981298215538
paviaU,52,10.0,4,0.9336865892620587
paviaU,52,1.0,5,0.9323618795293385
paviaU,52,3.0,5,0.9359204135172342
paviaU,52,5.0,5,0.9406737837346425
paviaU,52,10.0,5,0.9268552429933246
paviaU,52,1.0,6,0.9212706823553859
paviaU,52,3.0,6,0.9292449154523494
paviaU,52,5.0,6,0.9369853762435388
paviaU,52,10.0,6,0.9329852723447363
paviaU,52,1.0,7,0.9275046105093638
paviaU,52,3.0,7,0.9312449674017507
paviaU,52,5.0,7,0.9338164627652666
paviaU,52,10.0,7,0.9343619314787397
paviaU,52,1.0,8,0.930309878178654
paviaU,52,3.0,8,0.9349853242941375
paviaU,52,5.0,8,0.9331151458479441
paviaU,52,10.0,8,0.9312189927011091
paviaU,52,1.0,9,0.9302579287773708
paviaU,52,3.0,9,0.9271409647003819
paviaU,52,5.0,9,0.9383880100781838
paviaU,52,10.0,9,0.9310111950959765
paviaU,54,1.0,0,0.9262058754772852
paviaU,54,3.0,0,0.934465830281306
paviaU,54,5.0,0,0.9318423855165069
paviaU,54,10.0,0,0.9341281591729655
paviaU,54,1.0,1,0.9259201537702278
paviaU,54,3.0,1,0.9344398555806644
paviaU,54,5.0,1,0.9299981817709551
paviaU,54,10.0,1,0.9334008675550014
paviaU,54,1.0,2,0.9291669913504247
paviaU,54,3.0,2,0.9343359567780981
paviaU,54,5.0,2,0.9321800566248474
paviaU,54,10.0,2,0.9336086651601341
paviaU,54,1.0,3,0.9300761058728798
paviaU,54,3.0,3,0.9342840073768149
paviaU,54,5.0,3,0.9333229434530768
paviaU,54,10.0,3,0.9308813215927686
paviaU,54,1.0,4,0.928777370840801
paviaU,54,3.0,4,0.9305436504844282
paviaU,54,5.0,4,0.9312189927011091
paviaU,54,10.0,4,0.9297384347645393
paviaU,54,1.0,5,0.9213745811579521
paviaU,54,3.0,5,0.9346216784851554
paviaU,54,5.0,5,0.9300761058728798
paviaU,54,10.0,5,0.931167043299826
paviaU,54,1.0,6,0.9292968648536326
paviaU,54,3.0,6,0.9345437543832308
paviaU,54,5.0,6,0.932024208420998
paviaU,54,10.0,6,0.9320501831216396
paviaU,54,1.0,7,0.9315566638094496
paviaU,54,3.0,7,0.9348294760902881
paviaU,54,5.0,7,0.9297903841658225
paviaU,54,10.0,7,0.9322839554274137
paviaU,54,1.0,8,0.9375048702563703
paviaU,54,3.0,8,0.9319203096184316
paviaU,54,5.0,8,0.9328813735421699
paviaU,54,10.0,8,0.9298683082677472
paviaU,54,1.0,9,0.9288293202420842
paviaU,54,3.0,9,0.9312969168030338
paviaU,54,5.0,9,0.9301020805735214
paviaU,54,10.0,9,0.93238785422998
paviaU,56,1.0,0,0.9322839554274137
paviaU,56,3.0,0,0.9336346398607756
paviaU,56,5.0,0,0.9331930699498688
paviaU,56,10.0,0,0.9314527650068833
paviaU,56,1.0,1,0.9286734720382348
paviaU,56,3.0,1,0.9371152497467466
paviaU,56,5.0,1,0.937764617262786
paviaU,56,10.0,1,0.9352190965999116
paviaU,56,1.0,2,0.9303878022805787
paviaU,56,3.0,2,0.9322320060261305
paviaU,56,5.0,2,0.9316345879113743
paviaU,56,10.0,2,0.9322839554274137
paviaU,56,1.0,3,0.9280760539234786
paviaU,56,3.0,3,0.9310891191979013
paviaU,56,5.0,3,0.9347515519883633
paviaU,56,10.0,3,0.935868464115951
paviaU,56,1.0,4,0.9294786877581236
paviaU,56,3.0,4,0.9293228395542741
paviaU,56,5.0,4,0.9338164627652666
paviaU,56,10.0,4,0.9306994986882776
paviaU,56,1.0,5,0.9314527650068833
paviaU,56,3.0,5,0.934465830281306
paviaU,56,5.0,5,0.9341281591729655
paviaU,56,10.0,5,0.9336865892620587
paviaU,56,1.0,6,0.9259980778721525
paviaU,56,3.0,6,0.9351931218992701
paviaU,56,5.0,6,0.9323618795293385
paviaU,56,10.0,6,0.9312969168030338
paviaU,56,1.0,7,0.926829268292683
paviaU,56,3.0,7,0.9332190446505104
paviaU,56,5.0,7,0.9338424374659082
paviaU,56,10.0,7,0.9337385386633419
paviaU,56,1.0,8,0.9316345879113743
paviaU,56,3.0,8,0.9340242603703992
paviaU,56,5.0,8,0.9393230993012806
paviaU,56,10.0,8,0.9311410685991844
paviaU,56,1.0,9,0.9326735759370374
paviaU,56,3.0,9,0.9329073482428115
paviaU,56,5.0,9,0.9316605626120159
paviaU,56,10.0,9,0.9307514480895608
paviaU,58,1.0,0,0.9257383308657368
paviaU,58,3.0,0,0.9348294760902881
paviaU,58,5.0,0,0.9341541338736071
paviaU,58,10.0,0,0.9386477570845996
paviaU,58,1.0,1,0.9328553988415283
paviaU,58,3.0,1,0.933245019351152
paviaU,58,5.0,1,0.9334008675550014
paviaU,58,10.0,1,0.9368814774409725
paviaU,58,1.0,2,0.9211667835528196
paviaU,58,3.0,2,0.930309878178654
paviaU,58,5.0,2,0.9326735759370374
paviaU,58,10.0,2,0.9332190446505104
paviaU,58,1.0,3,0.9291410166497831
paviaU,58,3.0,3,0.9307514480895608
paviaU,58,5.0,3,0.9403620873269436
paviaU,58,10.0,3,0.9232967090054287
paviaU,58,1.0,4,0.931348866204317
paviaU,58,3.0,4,0.9361282111223668
paviaU,58,5.0,4,0.9317125120132991
paviaU,58,10.0,4,0.9364658822307073
paviaU,58,1.0,5,0.9291150419491415
paviaU,58,3.0,5,0.9337385386633419
paviaU,58,5.0,5,0.9323618795293385
paviaU,58,10.0,5,0.9330112470453779
paviaU,58,1.0,6,0.9225694173874646
paviaU,58,3.0,6,0.9352190965999116
paviaU,58,5.0,6,0.9335307410582093
paviaU,58,10.0,6,0.9267513441907582
paviaU,58,1.0,7,0.9278942310189875
paviaU,58,3.0,7,0.9371671991480298
paviaU,58,5.0,7,0.9374788955557287
paviaU,58,10.0,7,0.9314008156056002
paviaU,58,1.0,8,0.9286474973375932
paviaU,58,3.0,8,0.9343619314787397
paviaU,58,5.0,8,0.9323618795293385
paviaU,58,10.0,8,0.9321540819242058
paviaU,58,1.0,9,0.9271669394010233
paviaU,58,3.0,9,0.9359463882178758
paviaU,58,5.0,9,0.9324138289306215
paviaU,58,10.0,9,0.9314787397075248
paviaU,103,999,0,0.9378425413647108
paviaU,103,999,1,0.9369074521416141
paviaU,103,999,2,0.9338424374659082
paviaU,103,999,3,0.9323099301280553
paviaU,103,999,4,0.9343099820774565
paviaU,103,999,5,0.9339463362684745
paviaU,103,999,6,0.9310371697966181
paviaU,103,999,7,0.9364918569313488
paviaU,103,999,8,0.9367516039377646
paviaU,103,999,9,0.9373230473518793
